{"id":"1","text":"<div name=\"instance_text\" data-toggle=\"tooltip\" data-html=\"true\" data-placement=\"top\" data-original-title=\"test tool tip\">Tom: Isn't this awesome?!</div>","label_suggestions": {"sentiment": "positive", "explanation": "Because I think "}}
{"id":"2","text":"<div name=\"instance_text\" data-toggle=\"tooltip\" data-html=\"true\" data-placement=\"top\" data-original-title=\"test tool tip\">Tom: Isn't this awesome?!</div>","label_suggestions": {"sentiment": "negative"}}
{"id":"3","text":"<div name=\"instance_text\" data-toggle=\"tooltip\" data-html=\"true\" data-placement=\"top\" data-original-title=\"test tool tip\">Tom: Isn't this awesome?!</div>","label_suggestions": {"sentiment": "positive"}}