{"id":"1","text":["Isn't this awesome?!", "I like you"]}
{"id":"2","text":["Isn't this awesome?!", "I like you"]}
{"id":"3","text":["Isn't this awesome?!", "I like you"]}
{"id":"4","text":["Isn't this awesome?!", "I like you"]}
{"id":"5","text":["Isn't this awesome?!", "I like you"]}
{"id":"6","text":["Isn't this awesome?!", "I like you"]}
{"id":"7","text":["Isn't this awesome?!", "I like you"]}
{"id":"8","text":["Isn't this awesome?!", "I like you"]}
{"id":"9","text":["Isn't this awesome?!", "I like you"]}
{"id":"10","text":["Isn't this awesome?!", "I like you"]}
{"id":"11","text":["Isn't this awesome?!", "I like you"]}
{"id":"12","text":["Isn't this awesome?!", "I like you"]}
