id	text
item_1	Aliquam eius modi ut.
item_2	Numquam dolorem labore voluptatem dolore etincidunt neque.
item_3	Consectetur adipisci ipsum neque est.
item_4	Quaerat velit aliquam voluptatem etincidunt tempora.
item_5	Dolorem aliquam dolor ut sit porro.
item_6	Dolore dolorem velit sit consectetur etincidunt magnam.
item_7	Aliquam tempora labore porro quaerat consectetur.
item_8	Dolore modi sit modi dolor numquam eius numquam.
item_9	Est tempora dolor dolor.
item_10	Labore aliquam est est aliquam.
item_11	Ut ipsum adipisci magnam.
item_12	Eius labore velit dolore amet.
item_13	Dolore est magnam eius numquam numquam modi.
item_14	Etincidunt dolore dolorem quaerat numquam labore numquam est.
item_15	Sit amet sed quaerat eius ut dolorem labore.
item_16	Quiquia magnam aliquam velit sit quaerat neque.
item_17	Amet aliquam tempora modi tempora dolorem non.
item_18	Eius amet labore aliquam dolorem aliquam quiquia.
item_19	Est dolore consectetur magnam porro dolorem.
item_20	Dolorem quisquam sed dolore.
item_21	Quiquia modi tempora etincidunt numquam modi.
item_22	Quaerat non quiquia quiquia.
item_23	Quiquia eius adipisci eius amet etincidunt est.
item_24	Adipisci labore dolorem ut quisquam dolore.
item_25	Tempora sit amet dolorem tempora numquam dolorem.
item_26	Ipsum quisquam dolorem ut quisquam numquam.
item_27	Amet aliquam quiquia tempora quisquam sed magnam consectetur.
item_28	Dolore neque quaerat ut etincidunt.
item_29	Neque quaerat amet eius neque dolorem.
item_30	Labore quiquia sit dolorem dolorem.
item_31	Dolorem quiquia porro magnam quiquia tempora sit voluptatem.
item_32	Adipisci sed dolor eius.
item_33	Ut etincidunt tempora sit tempora eius dolor.
item_34	Quiquia numquam tempora sit ut adipisci.
item_35	Modi sed sit eius dolore quiquia.
item_36	Ut quisquam sit ipsum sed modi consectetur.
item_37	Sit aliquam ipsum ipsum.
item_38	Labore voluptatem aliquam ipsum sit etincidunt.
item_39	Dolore ipsum neque quisquam dolorem.
item_40	Dolore eius tempora sit consectetur.
item_41	Dolore non non est.
item_42	Dolore neque eius labore quiquia dolorem numquam voluptatem.
item_43	Est est eius labore numquam magnam quaerat.
item_44	Magnam est aliquam quisquam magnam.
item_45	Non non sed sed magnam velit eius labore.
item_46	Dolorem etincidunt magnam quiquia numquam.
item_47	Magnam labore sed dolore non non aliquam.
item_48	Eius tempora etincidunt velit velit amet sit quiquia.
item_49	Adipisci est adipisci sit.
item_50	Sed ipsum velit neque.
item_51	Numquam numquam non consectetur.
item_52	Modi consectetur porro est quiquia etincidunt sit.
item_53	Porro quiquia voluptatem etincidunt dolorem consectetur porro.
item_54	Eius adipisci non quisquam.
item_55	Consectetur adipisci est etincidunt modi neque est.
item_56	Sed est voluptatem est numquam.
item_57	Neque quaerat magnam amet etincidunt adipisci dolorem dolor.
item_58	Quaerat ipsum labore dolorem magnam sit dolor.
item_59	Ut quisquam labore eius.
item_60	Labore ut dolorem amet.
item_61	Amet quiquia neque non velit quiquia labore porro.
item_62	Voluptatem consectetur modi dolor quaerat quaerat voluptatem non.
item_63	Velit eius dolore sed.
item_64	Adipisci sit ut sit tempora quiquia.
item_65	Amet modi neque quisquam.
item_66	Labore modi dolor sit voluptatem consectetur modi modi.
item_67	Dolorem labore quiquia porro voluptatem amet.
item_68	Quisquam voluptatem dolor tempora.
item_69	Dolor ut velit adipisci magnam neque.
item_70	Quiquia non porro amet numquam dolore sed.
item_71	Modi aliquam numquam dolorem labore.
item_72	Aliquam ut voluptatem non non.
item_73	Quisquam magnam dolor sit quaerat quisquam non eius.
item_74	Consectetur dolor consectetur non numquam magnam voluptatem porro.
item_75	Numquam dolor ut adipisci eius quaerat modi.
item_76	Amet non ut ut.
item_77	Quisquam modi magnam non modi.
item_78	Ut aliquam etincidunt ut aliquam.
item_79	Numquam dolore non neque dolore voluptatem numquam porro.
item_80	Modi dolor sed quiquia.
item_81	Consectetur ut voluptatem modi neque quisquam amet.
item_82	Dolore neque labore dolor sed dolor quisquam dolorem.
item_83	Neque quisquam quisquam porro porro labore quisquam.
item_84	Etincidunt quiquia porro amet dolore.
item_85	Sit dolore amet amet.
item_86	Dolore etincidunt aliquam voluptatem sit sit eius labore.
item_87	Quiquia amet magnam ut non.
item_88	Labore adipisci numquam tempora neque quisquam sed.
item_89	Velit modi magnam consectetur.
item_90	Quiquia quaerat dolore modi porro dolor dolor.
item_91	Adipisci dolorem etincidunt neque dolor modi porro eius.
item_92	Neque sit numquam aliquam eius.
item_93	Tempora modi tempora tempora magnam.
item_94	Dolore modi adipisci sit adipisci ipsum tempora quiquia.
item_95	Non quiquia quisquam tempora voluptatem ut.
item_96	Dolor dolor etincidunt quisquam consectetur etincidunt est.
item_97	Magnam eius amet aliquam quaerat.
item_98	Dolore adipisci magnam porro non dolore.
item_99	Consectetur adipisci ut adipisci velit.
item_100	Quiquia quisquam velit ipsum eius.
item_101	Dolorem dolore dolore porro amet amet.
item_102	Magnam dolore etincidunt sit quaerat numquam dolore.
item_103	Sed eius consectetur magnam consectetur numquam voluptatem quiquia.
item_104	Tempora dolore ut ipsum dolorem aliquam non.
item_105	Labore amet sit dolorem numquam amet quisquam labore.
item_106	Neque quiquia numquam etincidunt.
item_107	Amet amet consectetur dolore ipsum dolorem.
item_108	Eius labore modi eius magnam magnam modi.
item_109	Ut non quiquia porro.
item_110	Consectetur porro quiquia dolore quisquam quaerat amet.
item_111	Ut est sit labore.
item_112	Velit aliquam modi ipsum.
item_113	Quaerat dolorem est consectetur neque amet.
item_114	Voluptatem dolorem sed consectetur dolore.
item_115	Etincidunt aliquam eius modi.
item_116	Modi quaerat numquam velit consectetur quaerat.
item_117	Ut est etincidunt amet.
item_118	Non velit voluptatem sed adipisci dolor modi aliquam.
item_119	Etincidunt quaerat ipsum ipsum consectetur.
item_120	Sed aliquam porro velit ut.
item_121	Non ipsum ipsum dolorem etincidunt sit dolor tempora.
item_122	Sed quiquia velit dolore numquam numquam voluptatem neque.
item_123	Velit adipisci consectetur non amet sed numquam.
item_124	Etincidunt quaerat etincidunt sit sed adipisci.
item_125	Est dolore adipisci velit dolorem dolorem magnam.
item_126	Sed magnam modi sed neque quaerat.
item_127	Labore adipisci quisquam dolor.
item_128	Dolor eius est labore etincidunt est neque dolore.
item_129	Velit sit sit non quaerat voluptatem.
item_130	Etincidunt ipsum tempora porro labore.
item_131	Magnam ut etincidunt voluptatem sed etincidunt dolor.
item_132	Etincidunt tempora dolorem etincidunt ipsum neque.
item_133	Consectetur magnam sit quisquam non etincidunt sed.
item_134	Est quisquam est magnam.
item_135	Dolor consectetur est porro dolorem.
item_136	Dolorem eius ut neque aliquam.
item_137	Quisquam ipsum adipisci voluptatem tempora.
item_138	Quaerat velit dolore neque velit.
item_139	Non labore neque dolorem dolorem dolore quiquia.
item_140	Non quiquia neque quisquam quisquam dolore.
item_141	Eius numquam ipsum velit dolorem.
item_142	Magnam sit non dolore modi quaerat dolore.
item_143	Velit neque aliquam magnam.
item_144	Etincidunt sed labore ipsum.
item_145	Ut ut sed dolor ipsum amet tempora quaerat.
item_146	Porro quisquam dolore adipisci labore est non.
item_147	Sed sit magnam numquam.
item_148	Ipsum eius aliquam etincidunt.
item_149	Quisquam modi est quaerat.
item_150	Quiquia porro quiquia quaerat.
item_151	Amet numquam voluptatem porro modi porro est.
item_152	Ipsum neque non ipsum sit voluptatem numquam.
item_153	Etincidunt magnam numquam numquam sed consectetur quiquia.
item_154	Aliquam aliquam quisquam numquam magnam ut est porro.
item_155	Dolore consectetur magnam sit consectetur aliquam.
item_156	Aliquam porro amet ipsum ut magnam.
item_157	Aliquam non quiquia aliquam.
item_158	Modi aliquam non porro amet ut ipsum.
item_159	Adipisci quiquia sit quisquam.
item_160	Consectetur magnam quiquia ipsum consectetur modi.
item_161	Tempora quaerat dolore labore etincidunt.
item_162	Eius dolor amet amet dolorem magnam quisquam.
item_163	Quaerat quisquam magnam quaerat ipsum porro.
item_164	Est numquam labore voluptatem magnam.
item_165	Ut dolor neque sit eius est etincidunt.
item_166	Modi amet magnam aliquam velit.
item_167	Velit labore neque est ipsum amet dolor ut.
item_168	Sed porro sit sit quaerat neque dolor.
item_169	Quaerat modi modi dolor sed est labore.
item_170	Dolorem tempora dolor neque sit aliquam.
item_171	Ipsum neque numquam neque consectetur quiquia.
item_172	Consectetur aliquam voluptatem porro amet ut numquam dolor.
item_173	Quiquia modi ipsum neque ut eius quaerat non.
item_174	Modi dolore eius est.
item_175	Aliquam est ipsum sed eius labore.
item_176	Numquam adipisci dolorem sed.
item_177	Labore consectetur eius ipsum ipsum est velit sed.
item_178	Modi dolorem quaerat modi.
item_179	Ut porro numquam quaerat eius numquam.
item_180	Amet ipsum dolor dolorem quiquia est.
item_181	Voluptatem sit quiquia labore magnam.
item_182	Est ipsum porro magnam non tempora magnam amet.
item_183	Adipisci magnam labore eius quaerat.
item_184	Dolore sit eius labore sed dolorem.
item_185	Amet dolor sit est.
item_186	Velit tempora aliquam non tempora neque.
item_187	Dolorem quisquam neque magnam ipsum quisquam neque.
item_188	Aliquam magnam modi est neque porro.
item_189	Porro aliquam dolorem voluptatem velit dolor magnam.
item_190	Consectetur modi consectetur est.
item_191	Tempora etincidunt magnam amet porro sed.
item_192	Labore modi velit etincidunt quisquam numquam velit neque.
item_193	Dolorem tempora numquam non quiquia dolore porro.
item_194	Dolore labore dolorem velit magnam dolore.
item_195	Adipisci dolor sit quaerat neque dolor est.
item_196	Tempora ipsum dolore velit voluptatem.
item_197	Ut sed quaerat quaerat sit sit.
item_198	Porro quiquia aliquam adipisci consectetur.
item_199	Dolorem dolore amet dolorem dolorem.
item_200	Velit aliquam velit adipisci modi ut modi labore.
item_201	Tempora etincidunt tempora sed dolorem quiquia ut amet.
item_202	Etincidunt aliquam etincidunt etincidunt labore dolore.
item_203	Numquam magnam modi sit magnam adipisci dolor quiquia.
item_204	Quisquam etincidunt quisquam etincidunt labore.
item_205	Ut labore sed adipisci sit neque.
item_206	Magnam consectetur etincidunt magnam voluptatem amet voluptatem neque.
item_207	Ipsum neque aliquam amet.
item_208	Eius magnam non aliquam.
item_209	Eius neque amet adipisci non magnam sit dolor.
item_210	Modi etincidunt aliquam neque voluptatem.
item_211	Quaerat etincidunt magnam sed.
item_212	Ut est velit ipsum aliquam.
item_213	Tempora sed quiquia modi labore.
item_214	Neque sed ut modi.
item_215	Ipsum quiquia numquam tempora porro.
item_216	Tempora tempora numquam non neque modi dolore est.
item_217	Numquam dolore porro est porro.
item_218	Porro sed quiquia tempora consectetur voluptatem non.
item_219	Non consectetur quiquia quaerat.
item_220	Velit etincidunt est labore ut est voluptatem.
item_221	Adipisci tempora tempora quiquia.
item_222	Voluptatem eius dolore consectetur.
item_223	Dolorem aliquam dolorem velit dolorem aliquam labore quiquia.
item_224	Sed magnam tempora neque eius eius ipsum dolore.
item_225	Tempora sit adipisci dolore.
item_226	Quaerat consectetur amet labore quiquia magnam dolor modi.
item_227	Eius non quiquia dolor labore consectetur non sed.
item_228	Dolorem dolor modi ut.
item_229	Adipisci dolore amet amet quisquam dolor sed.
item_230	Dolore dolor consectetur amet magnam dolor porro.
item_231	Sed ipsum aliquam numquam.
item_232	Aliquam sed magnam voluptatem voluptatem consectetur est dolore.
item_233	Ipsum quisquam non dolorem tempora etincidunt velit etincidunt.
item_234	Sit sed labore non dolorem quisquam quiquia consectetur.
item_235	Dolore modi quiquia ipsum sit.
item_236	Velit aliquam dolorem quaerat.
item_237	Ipsum quisquam amet non quisquam dolor.
item_238	Dolorem est adipisci neque quaerat.
item_239	Quisquam amet magnam ipsum.
item_240	Sit quiquia amet quiquia quiquia ut aliquam magnam.
item_241	Voluptatem aliquam porro velit modi.
item_242	Sit quisquam ut sed.
item_243	Neque ipsum eius dolore.
item_244	Labore aliquam velit neque amet ut.
item_245	Modi eius modi porro est ipsum modi.
item_246	Modi numquam voluptatem dolor numquam neque consectetur non.
item_247	Aliquam voluptatem sit sit dolor non modi velit.
item_248	Dolorem eius amet dolorem.
item_249	Modi est adipisci quaerat dolore.
item_250	Etincidunt etincidunt sit consectetur amet aliquam etincidunt amet.
item_251	Neque ipsum porro dolorem.
item_252	Adipisci modi modi voluptatem.
item_253	Quaerat labore aliquam adipisci labore velit adipisci tempora.
item_254	Sit neque tempora modi dolor dolore dolor eius.
item_255	Porro eius eius aliquam amet dolorem.
item_256	Modi ipsum dolorem dolor dolore magnam.
item_257	Aliquam dolore consectetur consectetur neque est est amet.
item_258	Amet labore voluptatem labore ipsum quisquam quisquam.
item_259	Aliquam amet adipisci aliquam ipsum dolorem magnam.
item_260	Quaerat eius ut velit dolorem ipsum quisquam.
item_261	Neque porro quiquia adipisci tempora.
item_262	Non etincidunt voluptatem quaerat sit dolore velit quaerat.
item_263	Etincidunt sit quaerat dolorem.
item_264	Voluptatem eius dolorem labore tempora dolore.
item_265	Ut tempora velit sed neque dolore.
item_266	Aliquam numquam quiquia neque quisquam quisquam.
item_267	Labore non numquam dolorem est dolorem modi.
item_268	Velit dolor amet etincidunt modi neque labore modi.
item_269	Porro est voluptatem consectetur dolor.
item_270	Dolorem quaerat neque est labore dolore eius dolore.
item_271	Magnam amet sit quiquia dolorem.
item_272	Dolore voluptatem velit velit.
item_273	Eius sit magnam dolor.
item_274	Ut eius dolorem ut dolor dolor.
item_275	Numquam magnam adipisci sit.
item_276	Labore ipsum etincidunt tempora.
item_277	Aliquam velit sit eius magnam quisquam modi ut.
item_278	Aliquam adipisci est modi non porro amet porro.
item_279	Tempora quiquia eius velit tempora.
item_280	Aliquam etincidunt sit adipisci modi velit modi etincidunt.
item_281	Non neque sed neque quiquia aliquam adipisci ut.
item_282	Sit ipsum aliquam dolor sit velit ut etincidunt.
item_283	Est sed porro ipsum modi dolor.
item_284	Sed numquam modi eius velit aliquam amet.
item_285	Numquam magnam quisquam numquam aliquam voluptatem.
item_286	Sit dolorem dolorem numquam.
item_287	Voluptatem labore aliquam velit consectetur.
item_288	Consectetur dolore ipsum quiquia numquam ipsum.
item_289	Est voluptatem ut adipisci labore.
item_290	Dolorem velit consectetur est.
item_291	Adipisci sed consectetur ipsum ipsum ut non adipisci.
item_292	Modi aliquam aliquam ut dolor sed.
item_293	Dolor neque adipisci sed dolore quaerat neque adipisci.
item_294	Adipisci consectetur aliquam quiquia labore.
item_295	Tempora neque est neque tempora.
item_296	Voluptatem voluptatem velit tempora.
item_297	Dolorem labore aliquam dolor quisquam sit dolore.
item_298	Magnam numquam numquam est ipsum non quisquam adipisci.
item_299	Etincidunt etincidunt amet amet.
item_300	Amet voluptatem eius consectetur labore modi.
item_301	Numquam ut est quaerat adipisci sit voluptatem amet.
item_302	Ipsum ipsum numquam adipisci.
item_303	Ipsum velit dolore numquam.
item_304	Velit eius numquam neque.
item_305	Adipisci sed eius etincidunt tempora modi quiquia.
item_306	Labore eius porro aliquam.
item_307	Dolor quiquia voluptatem non sed quisquam.
item_308	Dolorem velit velit sit dolore porro neque.
item_309	Dolore non est amet aliquam.
item_310	Velit porro dolorem quaerat consectetur sed porro.
item_311	Numquam numquam modi numquam velit quaerat.
item_312	Dolor est aliquam quiquia.
item_313	Magnam consectetur consectetur dolor dolorem aliquam dolor.
item_314	Quisquam aliquam est dolor neque adipisci eius ut.
item_315	Ipsum neque etincidunt numquam ipsum tempora.
item_316	Amet dolore tempora etincidunt sed eius.
item_317	Ut sed numquam numquam ipsum non non.
item_318	Numquam velit sit est adipisci neque.
item_319	Magnam aliquam dolor amet dolore amet amet.
item_320	Sit neque consectetur velit voluptatem porro.
item_321	Eius consectetur aliquam dolore velit quisquam labore eius.
item_322	Velit neque quaerat numquam est modi dolore.
item_323	Magnam neque tempora etincidunt sit numquam velit.
item_324	Velit velit sit aliquam.
item_325	Labore porro modi dolore.
item_326	Etincidunt ut quaerat eius est est.
item_327	Magnam eius eius numquam tempora.
item_328	Adipisci velit voluptatem neque aliquam porro dolor voluptatem.
item_329	Labore est sed velit.
item_330	Tempora tempora porro voluptatem porro.
item_331	Etincidunt sed dolore eius aliquam.
item_332	Adipisci labore dolor magnam.
item_333	Neque etincidunt aliquam quisquam labore quisquam amet.
item_334	Eius consectetur consectetur voluptatem non.
item_335	Non magnam dolor amet sit.
item_336	Ipsum consectetur aliquam quisquam eius quaerat eius tempora.
item_337	Non velit magnam sed eius neque.
item_338	Non ut labore voluptatem magnam adipisci voluptatem quiquia.
item_339	Quiquia dolore ut voluptatem labore voluptatem.
item_340	Non non est dolore quisquam ut dolorem voluptatem.
item_341	Sed etincidunt etincidunt voluptatem amet non etincidunt ut.
item_342	Amet labore adipisci dolore quiquia dolorem velit.
item_343	Magnam modi quiquia sit modi adipisci.
item_344	Magnam velit est dolor est tempora.
item_345	Magnam magnam quisquam aliquam.
item_346	Eius est consectetur velit amet amet.
item_347	Neque voluptatem magnam labore ut.
item_348	Dolore dolorem numquam tempora adipisci ipsum adipisci dolorem.
item_349	Sit velit ut voluptatem.
item_350	Labore adipisci non ut dolor.
item_351	Tempora dolorem quisquam sit.
item_352	Adipisci quiquia voluptatem voluptatem ut non.
item_353	Numquam quisquam ut neque velit.
item_354	Porro sit sit non quisquam voluptatem voluptatem neque.
item_355	Quaerat ipsum numquam voluptatem ipsum dolor adipisci.
item_356	Magnam quiquia consectetur neque quisquam sed ipsum.
item_357	Sed eius eius velit adipisci est tempora quaerat.
item_358	Neque dolorem velit ipsum eius sed quiquia.
item_359	Est ipsum sit numquam non non eius.
item_360	Porro amet modi ut quaerat adipisci voluptatem.
item_361	Velit tempora voluptatem numquam.
item_362	Quaerat eius labore tempora sed.
item_363	Labore quiquia adipisci ipsum ut non.
item_364	Etincidunt quiquia etincidunt consectetur dolore eius ipsum est.
item_365	Porro aliquam quisquam aliquam ut.
item_366	Magnam dolorem eius ipsum.
item_367	Ut eius adipisci velit voluptatem ipsum est.
item_368	Modi est tempora neque.
item_369	Dolorem dolor velit magnam adipisci.
item_370	Etincidunt dolore amet sed consectetur non adipisci quisquam.
item_371	Ut numquam labore eius quiquia dolor velit ut.
item_372	Numquam est numquam est eius.
item_373	Eius dolorem amet dolor ut voluptatem neque neque.
item_374	Quiquia etincidunt magnam dolore quisquam dolore.
item_375	Etincidunt porro adipisci tempora dolore amet adipisci.
item_376	Quiquia est voluptatem quiquia neque tempora.
item_377	Etincidunt quaerat quiquia est non dolore.
item_378	Sit non etincidunt ut porro quiquia amet.
item_379	Non dolor etincidunt est.
item_380	Velit non etincidunt consectetur.
item_381	Labore adipisci dolore etincidunt modi.
item_382	Dolor quaerat labore quaerat dolorem neque etincidunt.
item_383	Etincidunt ut numquam quaerat.
item_384	Ipsum etincidunt quaerat adipisci voluptatem magnam.
item_385	Consectetur etincidunt sit consectetur quiquia ipsum.
item_386	Voluptatem velit dolorem sed.
item_387	Dolore modi porro labore quisquam dolore.
item_388	Eius adipisci velit consectetur porro porro tempora quiquia.
item_389	Adipisci labore est amet sit sit tempora sed.
item_390	Porro non velit labore dolore quisquam numquam labore.
item_391	Non sed aliquam magnam eius tempora eius.
item_392	Labore quiquia sit aliquam.
item_393	Est adipisci magnam quisquam sit etincidunt quiquia sed.
item_394	Consectetur velit modi eius magnam non neque tempora.
item_395	Aliquam eius magnam eius amet eius porro.
item_396	Consectetur quisquam quisquam amet quaerat eius.
item_397	Tempora consectetur tempora voluptatem dolore magnam consectetur.
item_398	Adipisci quiquia labore dolorem tempora.
item_399	Dolore consectetur ut adipisci ipsum magnam modi etincidunt.
item_400	Sit eius modi dolore adipisci voluptatem amet sit.
item_401	Ipsum adipisci dolore quisquam.
item_402	Aliquam labore quaerat ipsum.
item_403	Dolor etincidunt modi eius sit tempora.
item_404	Ipsum non dolore eius modi sit adipisci quiquia.
item_405	Velit ipsum etincidunt quaerat dolore.
item_406	Dolore tempora neque est.
item_407	Quaerat consectetur sed amet quaerat quisquam ut neque.
item_408	Modi porro numquam ipsum ipsum neque.
item_409	Dolor ut quiquia neque adipisci est.
item_410	Ut consectetur est amet numquam modi porro.
item_411	Ut modi magnam sed magnam voluptatem sed sit.
item_412	Porro porro magnam sit aliquam adipisci consectetur velit.
item_413	Ut sed sed eius sed voluptatem.
item_414	Voluptatem non aliquam numquam consectetur numquam adipisci.
item_415	Quaerat eius numquam etincidunt tempora.
item_416	Velit neque modi est magnam etincidunt.
item_417	Non adipisci voluptatem modi.
item_418	Ipsum neque consectetur eius magnam voluptatem aliquam.
item_419	Magnam dolor eius eius non neque.
item_420	Sit etincidunt etincidunt quiquia labore eius eius.
item_421	Dolore quiquia magnam labore consectetur voluptatem dolore quiquia.
item_422	Adipisci modi ut etincidunt adipisci porro quiquia.
item_423	Eius consectetur velit dolor.
item_424	Numquam consectetur numquam quaerat quaerat.
item_425	Sed tempora numquam sed modi consectetur.
item_426	Velit ut consectetur ut dolore sit sit.
item_427	Quisquam eius sed dolor neque neque.
item_428	Dolore numquam dolorem amet dolorem quaerat.
item_429	Non sed sed quaerat modi quiquia.
item_430	Eius aliquam non consectetur quiquia.
item_431	Quaerat sit etincidunt voluptatem.
item_432	Consectetur porro non sed porro consectetur.
item_433	Eius ipsum est porro neque porro.
item_434	Porro non dolorem ipsum ut velit.
item_435	Amet porro ipsum ipsum labore est.
item_436	Sed sed aliquam porro adipisci modi.
item_437	Velit quisquam neque tempora labore.
item_438	Sit adipisci etincidunt consectetur magnam.
item_439	Sit tempora tempora velit.
item_440	Eius dolorem velit dolor.
item_441	Sit quaerat aliquam magnam quisquam quiquia.
item_442	Numquam porro ipsum dolor.
item_443	Eius voluptatem labore porro quisquam magnam modi.
item_444	Neque quisquam velit voluptatem dolorem quisquam consectetur amet.
item_445	Consectetur adipisci voluptatem consectetur aliquam est ut non.
item_446	Neque quaerat etincidunt labore etincidunt amet dolorem.
item_447	Voluptatem sed velit sed non velit porro magnam.
item_448	Labore numquam eius aliquam est.
item_449	Sed etincidunt modi numquam sit quaerat adipisci.
item_450	Neque non ut ut dolore.
item_451	Non etincidunt non amet etincidunt adipisci quiquia.
item_452	Porro dolorem quisquam non quiquia.
item_453	Voluptatem numquam voluptatem quiquia amet tempora ut.
item_454	Consectetur tempora aliquam velit dolore modi.
item_455	Adipisci neque labore quiquia non quisquam quisquam numquam.
item_456	Voluptatem quisquam ipsum ut dolor ipsum.
item_457	Sit quiquia ut quisquam ut.
item_458	Labore modi dolore magnam etincidunt aliquam.
item_459	Non aliquam consectetur quisquam est numquam.
item_460	Tempora voluptatem tempora consectetur.
item_461	Porro numquam etincidunt voluptatem.
item_462	Magnam tempora eius labore.
item_463	Numquam neque quisquam magnam.
item_464	Dolor dolore neque voluptatem dolorem voluptatem consectetur porro.
item_465	Non eius consectetur sit ut.
item_466	Numquam modi consectetur labore.
item_467	Neque consectetur ipsum porro.
item_468	Aliquam adipisci dolorem voluptatem quisquam sit dolor.
item_469	Ut velit quaerat consectetur sit labore.
item_470	Dolore eius etincidunt modi adipisci.
item_471	Adipisci dolor dolor quisquam non amet voluptatem.
item_472	Aliquam magnam dolorem quaerat dolore.
item_473	Aliquam dolore quiquia adipisci aliquam amet non quiquia.
item_474	Eius quisquam modi modi.
item_475	Quisquam quisquam adipisci sit sed dolore aliquam.
item_476	Sed ut quaerat quiquia voluptatem.
item_477	Ipsum adipisci dolore quisquam voluptatem numquam sed sit.
item_478	Est quisquam aliquam numquam voluptatem sit porro.
item_479	Aliquam ut aliquam ut neque.
item_480	Ut magnam non est adipisci.
item_481	Ut porro est neque tempora modi.
item_482	Quisquam dolor non aliquam tempora quiquia modi numquam.
item_483	Ut eius aliquam adipisci dolore labore.
item_484	Amet porro modi neque voluptatem neque quiquia aliquam.
item_485	Adipisci sed velit dolorem modi velit numquam.
item_486	Dolorem dolor est ut ut ut dolor.
item_487	Non numquam dolorem consectetur adipisci.
item_488	Eius dolorem non dolorem numquam sed quisquam.
item_489	Ut sed velit ut numquam etincidunt modi modi.
item_490	Voluptatem tempora est quisquam.
item_491	Dolor ipsum dolor neque dolor amet.
item_492	Consectetur sit sit tempora voluptatem.
item_493	Quiquia sit tempora quaerat aliquam.
item_494	Labore labore aliquam consectetur numquam.
item_495	Velit quisquam sit sit aliquam modi aliquam.
item_496	Velit est etincidunt adipisci adipisci dolore.
item_497	Porro ipsum ut voluptatem.
item_498	Consectetur dolor modi sed.
item_499	Dolor quisquam aliquam consectetur quaerat etincidunt.
item_500	Magnam neque quiquia non numquam est neque labore.
item_501	Est magnam numquam amet quaerat dolore.
item_502	Dolorem tempora labore sit.
item_503	Quaerat numquam velit sit.
item_504	Magnam eius amet amet quisquam.
item_505	Etincidunt modi sit neque ipsum sed labore.
item_506	Amet etincidunt quaerat sed non dolore.
item_507	Velit numquam adipisci dolor etincidunt dolorem.
item_508	Sed labore sit quiquia ipsum voluptatem quiquia.
item_509	Neque consectetur velit labore ut velit sed amet.
item_510	Numquam velit neque dolore porro adipisci voluptatem.
item_511	Tempora non quisquam amet eius non aliquam.
item_512	Magnam quisquam porro eius.
item_513	Est velit porro velit quisquam porro tempora.
item_514	Quisquam porro modi dolore labore est.
item_515	Dolorem aliquam dolore neque.
item_516	Quaerat ut neque sed magnam aliquam etincidunt quiquia.
item_517	Dolore sed sed neque magnam sit voluptatem dolor.
item_518	Dolore etincidunt dolore adipisci.
item_519	Modi labore quaerat numquam voluptatem non sed.
item_520	Sed quisquam labore sed.
item_521	Ipsum ipsum neque etincidunt neque.
item_522	Tempora tempora tempora adipisci dolore sit.
item_523	Eius amet consectetur quisquam non aliquam non.
item_524	Quaerat dolorem ipsum magnam aliquam magnam amet non.
item_525	Labore dolorem magnam dolor.
item_526	Quaerat dolor ipsum sed sit voluptatem porro.
item_527	Tempora ut labore tempora porro numquam adipisci non.
item_528	Consectetur numquam porro ipsum ipsum velit etincidunt.
item_529	Non eius dolorem quisquam amet sed.
item_530	Tempora sed quaerat quiquia.
item_531	Neque sit tempora magnam.
item_532	Consectetur amet aliquam ut numquam est.
item_533	Consectetur etincidunt quisquam dolor.
item_534	Eius dolor aliquam adipisci.
item_535	Velit modi sit quisquam.
item_536	Ut amet labore numquam adipisci.
item_537	Voluptatem adipisci sit sed ipsum numquam etincidunt.
item_538	Sed neque quisquam ipsum ipsum porro.
item_539	Labore sit dolorem ut porro.
item_540	Ut adipisci voluptatem tempora velit est amet.
item_541	Est modi quiquia quaerat sit quaerat.
item_542	Eius est quaerat dolorem voluptatem magnam sit labore.
item_543	Labore ipsum voluptatem est velit magnam ut.
item_544	Numquam modi dolore est.
item_545	Est dolor neque dolor voluptatem etincidunt.
item_546	Tempora neque voluptatem modi quiquia adipisci.
item_547	Non etincidunt adipisci voluptatem quisquam.
item_548	Est amet eius porro adipisci.
item_549	Etincidunt adipisci etincidunt dolor porro labore.
item_550	Magnam etincidunt porro dolorem velit ut numquam.
item_551	Est quiquia sit dolorem.
item_552	Quaerat aliquam neque labore modi est velit modi.
item_553	Dolore labore est voluptatem.
item_554	Quaerat quaerat voluptatem tempora adipisci.
item_555	Quiquia dolorem aliquam quisquam modi non.
item_556	Aliquam labore tempora adipisci non consectetur.
item_557	Aliquam etincidunt quaerat amet.
item_558	Porro non voluptatem eius.
item_559	Sed dolore dolor dolorem sit ut tempora.
item_560	Dolorem quiquia quaerat modi dolore tempora.
item_561	Aliquam sit etincidunt amet.
item_562	Dolore est dolor ipsum voluptatem adipisci tempora.
item_563	Velit quisquam tempora aliquam.
item_564	Neque dolor tempora numquam aliquam modi porro.
item_565	Sed velit magnam non voluptatem modi.
item_566	Ut consectetur voluptatem modi.
item_567	Ipsum magnam non sed porro.
item_568	Dolor ipsum amet adipisci numquam ut.
item_569	Amet aliquam neque magnam.
item_570	Eius velit consectetur ipsum quaerat etincidunt est.
item_571	Amet sit consectetur consectetur amet.
item_572	Velit magnam dolorem quiquia non dolor sed.
item_573	Consectetur eius ipsum sed aliquam porro.
item_574	Sit voluptatem etincidunt voluptatem adipisci.
item_575	Ut labore ipsum amet.
item_576	Quiquia non sit amet velit sit.
item_577	Porro dolorem adipisci labore adipisci.
item_578	Non aliquam ut dolore neque sit est dolore.
item_579	Dolore velit non sit adipisci.
item_580	Quiquia amet quiquia adipisci.
item_581	Est magnam eius ipsum.
item_582	Quiquia magnam adipisci voluptatem amet modi tempora porro.
item_583	Adipisci ut quaerat non dolorem magnam numquam amet.
item_584	Adipisci quiquia velit sit dolore adipisci.
item_585	Amet modi dolorem magnam quisquam modi.
item_586	Eius sit modi sed.
item_587	Numquam dolorem aliquam quaerat consectetur.
item_588	Quiquia modi quiquia non.
item_589	Quisquam porro magnam sed dolorem dolor velit.
item_590	Non ipsum porro eius dolorem.
item_591	Non quaerat quiquia neque non adipisci velit numquam.
item_592	Quisquam est quaerat eius.
item_593	Sit est quaerat sed.
item_594	Dolore sed aliquam ut modi.
item_595	Voluptatem sit est quisquam dolorem.
item_596	Numquam numquam non adipisci sit consectetur dolore.
item_597	Voluptatem velit consectetur etincidunt quisquam est.
item_598	Eius est non numquam.
item_599	Dolore quaerat dolor neque sit.
item_600	Est labore voluptatem quiquia magnam dolorem dolorem.
item_601	Sed quisquam aliquam quiquia.
item_602	Est adipisci magnam modi magnam.
item_603	Labore consectetur sit eius magnam adipisci.
item_604	Adipisci aliquam sit porro eius.
item_605	Aliquam quiquia eius quisquam sed.
item_606	Voluptatem est est labore.
item_607	Dolor dolore adipisci ut adipisci amet dolore.
item_608	Aliquam magnam quiquia labore tempora ipsum.
item_609	Dolor dolorem tempora consectetur eius quaerat dolorem.
item_610	Adipisci labore quaerat ipsum quisquam sed.
item_611	Aliquam adipisci amet ut quiquia amet.
item_612	Consectetur porro ut modi voluptatem quisquam est.
item_613	Porro quisquam eius dolore.
item_614	Sed sed neque etincidunt sit non dolorem quaerat.
item_615	Adipisci dolore dolor adipisci dolor modi dolorem consectetur.
item_616	Numquam labore dolore aliquam dolorem voluptatem quisquam.
item_617	Tempora porro est tempora dolore dolor.
item_618	Voluptatem velit dolorem velit voluptatem non velit numquam.
item_619	Ut quisquam dolorem adipisci numquam quaerat amet.
item_620	Neque magnam voluptatem modi aliquam est quisquam etincidunt.
item_621	Eius quiquia adipisci labore.
item_622	Numquam velit voluptatem dolor non etincidunt porro quaerat.
item_623	Aliquam magnam adipisci modi labore.
item_624	Amet ipsum adipisci etincidunt sed magnam neque aliquam.
item_625	Adipisci amet sit modi quisquam amet sit.
item_626	Dolore quiquia porro voluptatem.
item_627	Labore quaerat tempora dolorem tempora voluptatem sit porro.
item_628	Porro numquam amet quisquam quiquia ut.
item_629	Ut voluptatem amet eius ut est.
item_630	Aliquam sit quisquam etincidunt dolore etincidunt.
item_631	Modi dolore ut modi adipisci.
item_632	Ipsum ipsum etincidunt neque adipisci.
item_633	Tempora etincidunt adipisci dolorem velit dolor quiquia quaerat.
item_634	Velit dolor porro etincidunt numquam.
item_635	Velit dolorem voluptatem est.
item_636	Etincidunt etincidunt dolor quiquia modi dolorem dolorem quisquam.
item_637	Est consectetur quisquam ipsum dolore.
item_638	Consectetur ipsum ut numquam sed ut porro.
item_639	Ut modi dolorem aliquam velit velit.
item_640	Velit eius eius quisquam numquam modi magnam.
item_641	Quiquia non ipsum dolore.
item_642	Est sit sit ut.
item_643	Modi dolore amet neque est amet numquam.
item_644	Aliquam adipisci numquam dolore voluptatem voluptatem adipisci.
item_645	Quiquia sed porro non numquam quaerat numquam.
item_646	Adipisci magnam amet etincidunt.
item_647	Ut est non sit magnam etincidunt.
item_648	Ipsum etincidunt tempora dolore quiquia.
item_649	Ipsum adipisci velit numquam numquam sit est.
item_650	Tempora est quaerat est sit eius etincidunt etincidunt.
item_651	Numquam est aliquam magnam ut dolorem eius.
item_652	Velit tempora est etincidunt.
item_653	Quiquia porro quisquam porro neque quiquia etincidunt.
item_654	Eius quiquia labore sit consectetur modi ut.
item_655	Magnam adipisci dolore amet quiquia dolorem dolor.
item_656	Eius quaerat eius labore voluptatem quaerat aliquam.
item_657	Dolore eius numquam modi velit.
item_658	Aliquam sit amet ipsum ipsum modi.
item_659	Porro consectetur eius aliquam.
item_660	Numquam dolor etincidunt dolorem neque.
item_661	Ipsum est amet consectetur neque porro dolore.
item_662	Quiquia tempora dolorem dolor.
item_663	Aliquam voluptatem neque magnam neque tempora.
item_664	Non quisquam quaerat velit ut dolore numquam.
item_665	Aliquam amet eius dolore ut est.
item_666	Adipisci quaerat eius etincidunt aliquam.
item_667	Numquam quisquam sit etincidunt ut quaerat etincidunt quisquam.
item_668	Labore modi dolor quiquia.
item_669	Dolorem sit voluptatem neque sit.
item_670	Porro tempora adipisci magnam porro consectetur.
item_671	Numquam neque aliquam numquam.
item_672	Porro magnam quaerat tempora.
item_673	Adipisci amet dolorem quaerat dolorem tempora modi.
item_674	Quisquam tempora dolorem dolor amet quiquia adipisci quisquam.
item_675	Etincidunt dolorem non amet amet dolorem.
item_676	Quiquia eius modi adipisci est sit ut.
item_677	Neque modi voluptatem dolore.
item_678	Dolor amet quaerat numquam quisquam.
item_679	Sed porro consectetur velit.
item_680	Modi dolor dolorem quiquia dolor quisquam adipisci.
item_681	Modi labore consectetur voluptatem ut est.
item_682	Modi quiquia dolore ipsum voluptatem dolorem.
item_683	Labore adipisci non sed ut neque aliquam eius.
item_684	Eius sed labore eius magnam.
item_685	Amet dolorem tempora quiquia.
item_686	Sed voluptatem magnam magnam labore.
item_687	Porro adipisci tempora quisquam numquam magnam adipisci.
item_688	Amet quiquia modi etincidunt neque.
item_689	Dolor aliquam labore adipisci est neque tempora.
item_690	Porro dolorem voluptatem porro dolor.
item_691	Eius adipisci quaerat consectetur dolore eius eius eius.
item_692	Modi voluptatem est quaerat quisquam voluptatem velit etincidunt.
item_693	Est magnam aliquam modi voluptatem ipsum.
item_694	Sed magnam quiquia dolore.
item_695	Sed tempora neque eius modi labore porro.
item_696	Tempora dolore ut tempora.
item_697	Aliquam neque est sed velit voluptatem adipisci.
item_698	Quisquam neque sit ipsum est.
item_699	Dolor magnam quaerat amet ut est.
item_700	Neque est sit quaerat sed magnam.
item_701	Magnam aliquam adipisci voluptatem dolore amet ipsum.
item_702	Dolorem dolorem aliquam dolore numquam quaerat voluptatem sed.
item_703	Neque est quaerat eius aliquam eius est quaerat.
item_704	Dolore eius ipsum numquam.
item_705	Non etincidunt est dolor est.
item_706	Modi magnam dolore voluptatem dolore.
item_707	Dolore quaerat ipsum quisquam neque velit.
item_708	Magnam est voluptatem porro velit.
item_709	Quisquam quiquia voluptatem dolorem tempora porro consectetur.
item_710	Tempora tempora est eius magnam quaerat.
item_711	Quiquia tempora consectetur est quiquia dolore dolorem numquam.
item_712	Aliquam neque ipsum porro aliquam.
item_713	Quiquia adipisci adipisci numquam.
item_714	Etincidunt consectetur dolore tempora quisquam.
item_715	Est etincidunt tempora quaerat dolorem velit neque non.
item_716	Numquam etincidunt adipisci dolore dolore consectetur labore.
item_717	Non tempora tempora sed est.
item_718	Voluptatem tempora labore consectetur voluptatem consectetur.
item_719	Quisquam voluptatem aliquam quaerat modi adipisci.
item_720	Dolor neque dolorem eius sit etincidunt.
item_721	Modi labore aliquam adipisci modi est.
item_722	Neque ipsum amet tempora tempora ipsum.
item_723	Magnam amet sit aliquam dolor.
item_724	Sit ut voluptatem quaerat.
item_725	Dolorem sit dolorem sed.
item_726	Velit non modi magnam.
item_727	Dolor labore dolore dolore amet eius.
item_728	Tempora magnam ut voluptatem modi voluptatem.
item_729	Adipisci etincidunt porro dolorem eius non est sed.
item_730	Est magnam consectetur ipsum.
item_731	Ipsum modi consectetur ut adipisci porro.
item_732	Dolorem quiquia aliquam sed tempora neque sit etincidunt.
item_733	Dolore quiquia ut ipsum consectetur.
item_734	Dolorem neque porro magnam quiquia numquam dolorem amet.
item_735	Quiquia quisquam tempora tempora.
item_736	Consectetur voluptatem est amet voluptatem voluptatem voluptatem porro.
item_737	Quisquam dolor dolorem dolore velit dolor amet est.
item_738	Magnam porro numquam eius dolorem dolor tempora.
item_739	Velit numquam eius labore sit numquam consectetur dolor.
item_740	Ut neque magnam etincidunt quaerat adipisci labore.
item_741	Neque neque ut dolore neque.
item_742	Voluptatem ut numquam quaerat porro.
item_743	Neque velit adipisci amet est consectetur.
item_744	Dolorem ut est consectetur.
item_745	Neque ut etincidunt sed numquam.
item_746	Sit quaerat ut eius modi consectetur magnam.
item_747	Tempora adipisci etincidunt porro ipsum quaerat tempora.
item_748	Neque eius ipsum est dolorem numquam labore est.
item_749	Est adipisci dolor quiquia labore modi consectetur dolore.
item_750	Porro voluptatem est sit dolor.
item_751	Sed amet eius sed.
item_752	Numquam dolorem neque dolorem.
item_753	Porro aliquam sit ipsum eius etincidunt.
item_754	Ut non tempora ut.
item_755	Aliquam quaerat neque eius modi magnam quaerat.
item_756	Est dolor aliquam dolorem numquam.
item_757	Est etincidunt adipisci quiquia voluptatem.
item_758	Dolor quaerat modi ut velit magnam adipisci voluptatem.
item_759	Non tempora dolorem etincidunt est sed.
item_760	Numquam amet etincidunt eius etincidunt.
item_761	Ut modi dolorem magnam neque porro adipisci sed.
item_762	Numquam sed etincidunt aliquam sit.
item_763	Labore numquam tempora ipsum.
item_764	Eius aliquam dolorem sit numquam porro magnam quisquam.
item_765	Etincidunt etincidunt adipisci dolorem dolore.
item_766	Quisquam sed adipisci sed velit.
item_767	Dolore aliquam tempora ut sed ipsum tempora quiquia.
item_768	Modi sit velit etincidunt.
item_769	Porro tempora consectetur tempora ipsum.
item_770	Ipsum quiquia consectetur neque velit numquam ut quisquam.
item_771	Dolore dolorem sit labore voluptatem sit.
item_772	Quaerat voluptatem neque quisquam dolore non amet tempora.
item_773	Eius non sed etincidunt magnam.
item_774	Dolore dolor porro neque consectetur porro velit.
item_775	Numquam quisquam tempora adipisci.
item_776	Ipsum porro amet quaerat numquam dolore tempora.
item_777	Voluptatem amet consectetur labore.
item_778	Aliquam dolor voluptatem est ut.
item_779	Adipisci dolore consectetur dolor quiquia.
item_780	Dolore non etincidunt numquam ut tempora.
item_781	Sed dolorem quiquia sit dolore.
item_782	Sit ut dolor adipisci quisquam sed.
item_783	Non neque quiquia quisquam sit etincidunt non.
item_784	Aliquam sed tempora adipisci sed.
item_785	Adipisci non porro dolor eius voluptatem porro.
item_786	Dolorem consectetur magnam porro etincidunt.
item_787	Tempora eius sed porro sed neque.
item_788	Modi dolorem quaerat etincidunt ipsum modi tempora aliquam.
item_789	Dolorem adipisci aliquam neque eius adipisci labore.
item_790	Consectetur quisquam dolore dolor sed dolorem dolorem.
item_791	Sit amet etincidunt dolore ut quiquia aliquam.
item_792	Dolore dolore non numquam quisquam dolore sed.
item_793	Neque modi magnam adipisci etincidunt voluptatem ut tempora.
item_794	Numquam consectetur etincidunt dolorem.
item_795	Eius quiquia quiquia porro neque.
item_796	Aliquam numquam velit adipisci consectetur.
item_797	Quaerat consectetur sed ut quiquia quiquia.
item_798	Ipsum sit etincidunt dolorem etincidunt dolorem etincidunt.
item_799	Velit voluptatem dolore neque quisquam magnam quiquia.
item_800	Amet est amet quiquia neque non tempora.
item_801	Voluptatem consectetur modi quiquia velit modi.
item_802	Neque aliquam etincidunt aliquam sit.
item_803	Est quaerat dolore labore etincidunt eius voluptatem.
item_804	Ut dolorem est porro.
item_805	Quaerat etincidunt aliquam labore est velit quaerat.
item_806	Neque magnam adipisci adipisci labore dolore dolore.
item_807	Aliquam porro quiquia adipisci labore amet.
item_808	Quisquam dolore consectetur quisquam neque magnam aliquam.
item_809	Adipisci consectetur amet sed quiquia quisquam ipsum.
item_810	Velit sit adipisci ut quiquia voluptatem.
item_811	Dolorem adipisci dolor dolorem.
item_812	Voluptatem quiquia numquam dolor dolore magnam.
item_813	Tempora numquam dolore sed dolor.
item_814	Tempora modi numquam porro velit quisquam.
item_815	Velit quiquia voluptatem amet ipsum neque quisquam consectetur.
item_816	Aliquam eius eius quiquia porro voluptatem.
item_817	Est numquam magnam dolorem.
item_818	Ipsum neque quiquia etincidunt etincidunt dolore amet.
item_819	Numquam sed dolorem est adipisci non.
item_820	Dolor est modi non.
item_821	Quisquam amet sed non.
item_822	Etincidunt numquam tempora amet sit voluptatem dolorem quisquam.
item_823	Porro porro ipsum non numquam dolore.
item_824	Amet ut eius porro aliquam.
item_825	Numquam voluptatem voluptatem consectetur.
item_826	Quisquam quisquam neque dolore adipisci sed.
item_827	Aliquam adipisci quaerat ipsum.
item_828	Quaerat est modi dolorem ut.
item_829	Dolor sit dolor quiquia quaerat.
item_830	Modi numquam quaerat magnam.
item_831	Voluptatem amet dolor quisquam voluptatem etincidunt consectetur aliquam.
item_832	Modi amet ut dolorem tempora.
item_833	Modi labore quisquam velit dolore.
item_834	Numquam sit quaerat ut quisquam.
item_835	Tempora modi amet adipisci quiquia.
item_836	Eius ut ipsum etincidunt.
item_837	Magnam dolore modi quiquia aliquam tempora.
item_838	Consectetur voluptatem consectetur labore sed neque dolore.
item_839	Ipsum magnam labore est.
item_840	Ut consectetur dolorem sed labore.
item_841	Quiquia non amet ut aliquam est ipsum est.
item_842	Dolorem numquam dolorem etincidunt.
item_843	Porro magnam est etincidunt sit magnam quisquam dolorem.
item_844	Quiquia quiquia neque modi ipsum ut dolore.
item_845	Porro sit numquam amet ipsum amet non voluptatem.
item_846	Etincidunt etincidunt dolore dolorem.
item_847	Sit dolorem ut adipisci eius sed adipisci.
item_848	Quaerat dolor velit voluptatem numquam etincidunt est.
item_849	Magnam sed est quiquia.
item_850	Aliquam labore ipsum amet.
item_851	Est numquam neque dolore.
item_852	Ut amet quisquam ipsum non.
item_853	Consectetur aliquam voluptatem modi non ut.
item_854	Ut sed modi quaerat.
item_855	Dolor voluptatem dolore dolor.
item_856	Aliquam etincidunt est ipsum consectetur numquam sed ipsum.
item_857	Adipisci etincidunt adipisci velit ut etincidunt sit porro.
item_858	Quaerat quaerat ut numquam quisquam ipsum quaerat aliquam.
item_859	Adipisci eius sit est voluptatem amet.
item_860	Dolorem labore adipisci dolore neque.
item_861	Dolore dolor velit amet quisquam.
item_862	Etincidunt modi sed adipisci ipsum etincidunt ut adipisci.
item_863	Ipsum consectetur sit neque aliquam porro.
item_864	Ut modi tempora tempora voluptatem quiquia.
item_865	Sit dolor est quiquia aliquam modi.
item_866	Eius voluptatem magnam quisquam sed.
item_867	Voluptatem aliquam labore numquam dolore dolore aliquam quaerat.
item_868	Numquam voluptatem amet voluptatem adipisci tempora.
item_869	Quisquam sed neque quisquam voluptatem.
item_870	Dolor dolore aliquam ipsum quisquam neque ut consectetur.
item_871	Eius quiquia aliquam porro velit modi modi consectetur.
item_872	Eius tempora aliquam etincidunt.
item_873	Labore aliquam eius sit modi dolor.
item_874	Quaerat ut dolor eius dolor quiquia.
item_875	Eius ipsum est numquam dolore neque aliquam adipisci.
item_876	Amet sed amet magnam amet labore.
item_877	Est aliquam dolorem ipsum.
item_878	Sed ipsum quaerat quisquam voluptatem est.
item_879	Numquam quiquia neque etincidunt eius aliquam velit porro.
item_880	Tempora quisquam dolorem ipsum.
item_881	Non ut modi porro est neque consectetur.
item_882	Consectetur aliquam sed est.
item_883	Eius ipsum est ut.
item_884	Dolore etincidunt numquam numquam modi dolor.
item_885	Non sed dolorem non modi sed sit.
item_886	Consectetur quaerat porro modi labore non magnam modi.
item_887	Adipisci magnam neque quaerat aliquam quisquam dolore.
item_888	Dolorem est velit modi velit.
item_889	Magnam aliquam voluptatem quiquia numquam.
item_890	Ut non eius quisquam neque.
item_891	Neque adipisci porro est labore consectetur dolor.
item_892	Dolor sed ipsum voluptatem numquam numquam.
item_893	Quaerat numquam consectetur porro.
item_894	Sit consectetur eius voluptatem eius quisquam porro labore.
item_895	Labore aliquam aliquam ipsum quaerat magnam.
item_896	Ut est dolor dolor non est est labore.
item_897	Labore dolor eius sit consectetur quisquam quaerat.
item_898	Aliquam numquam velit dolor adipisci.
item_899	Adipisci sit numquam consectetur tempora.
item_900	Aliquam non ut numquam neque consectetur etincidunt.
item_901	Dolorem neque amet velit adipisci ipsum.
item_902	Porro dolor sed amet non quaerat sed.
item_903	Consectetur sit eius quaerat etincidunt.
item_904	Adipisci dolor numquam aliquam ipsum quisquam etincidunt.
item_905	Voluptatem est dolor quaerat non voluptatem dolorem.
item_906	Neque tempora dolorem dolore porro dolore sed dolore.
item_907	Ipsum eius dolorem ipsum dolore amet quisquam.
item_908	Ipsum porro ipsum ipsum amet.
item_909	Labore quiquia sed adipisci.
item_910	Quaerat aliquam est adipisci neque sit.
item_911	Consectetur consectetur numquam quiquia numquam non ipsum neque.
item_912	Est ut ut labore modi.
item_913	Porro labore magnam sed ipsum.
item_914	Etincidunt ipsum eius ipsum voluptatem quiquia sed tempora.
item_915	Amet dolore quaerat etincidunt tempora labore.
item_916	Modi porro consectetur est aliquam dolorem amet ipsum.
item_917	Labore magnam neque dolorem quisquam dolor dolorem.
item_918	Quisquam sed amet amet.
item_919	Dolore porro etincidunt voluptatem modi sed.
item_920	Est velit numquam ipsum sit est dolore.
item_921	Ipsum dolore quisquam est velit.
item_922	Aliquam eius sit quiquia consectetur amet ut labore.
item_923	Numquam neque ut non ut dolor eius sed.
item_924	Dolor est voluptatem etincidunt aliquam tempora ut.
item_925	Ut quaerat aliquam numquam magnam.
item_926	Adipisci est ipsum ut quaerat velit aliquam amet.
item_927	Sit labore dolor quiquia dolor dolor est.
item_928	Dolor amet porro dolor etincidunt etincidunt numquam.
item_929	Modi adipisci non dolorem quisquam.
item_930	Non consectetur consectetur neque dolor sed.
item_931	Dolore dolore adipisci neque modi amet voluptatem.
item_932	Consectetur dolor quaerat est labore.
item_933	Dolore aliquam labore quisquam sed.
item_934	Consectetur quaerat amet sed.
item_935	Numquam numquam quiquia ut dolore non consectetur.
item_936	Quaerat ut aliquam quiquia adipisci aliquam.
item_937	Quisquam porro tempora neque sit ipsum quisquam.
item_938	Aliquam dolore quaerat voluptatem ut numquam neque porro.
item_939	Tempora quiquia dolore magnam magnam consectetur neque eius.
item_940	Quiquia ut modi eius tempora magnam modi.
item_941	Tempora modi velit dolor adipisci neque.
item_942	Dolorem magnam dolorem non labore quiquia quiquia dolor.
item_943	Quisquam ipsum ut ipsum.
item_944	Quiquia quaerat sit quisquam quisquam.
item_945	Non ut porro eius velit amet sed.
item_946	Sed ut est tempora quaerat.
item_947	Quisquam porro sit ut dolore dolorem dolore.
item_948	Magnam dolor non velit quiquia quiquia.
item_949	Est magnam consectetur quiquia velit magnam magnam.
item_950	Sed quisquam adipisci quaerat non sit velit.
item_951	Tempora neque modi non.
item_952	Ut dolore etincidunt adipisci labore.
item_953	Sit ut ipsum tempora quiquia voluptatem non non.
item_954	Porro eius ut eius.
item_955	Ut non labore est velit neque labore consectetur.
item_956	Ipsum etincidunt ipsum sed.
item_957	Quaerat numquam consectetur velit.
item_958	Sit numquam labore tempora.
item_959	Velit adipisci ipsum etincidunt adipisci dolore.
item_960	Ut labore numquam dolore numquam adipisci tempora.
item_961	Non dolore quiquia porro ipsum.
item_962	Quiquia quisquam ipsum voluptatem voluptatem neque.
item_963	Etincidunt est quaerat neque amet eius.
item_964	Sed eius est labore etincidunt neque neque.
item_965	Sed quisquam adipisci voluptatem tempora dolor tempora.
item_966	Labore numquam porro ut ipsum eius.
item_967	Quiquia est eius ut est ut dolorem.
item_968	Labore labore ipsum ut sed.
item_969	Dolor dolor voluptatem quiquia dolorem modi aliquam.
item_970	Quaerat velit velit neque quaerat.
item_971	Ipsum neque ut magnam.
item_972	Ipsum quiquia ut neque.
item_973	Aliquam quisquam non quaerat dolor modi sit.
item_974	Numquam dolorem quaerat dolorem tempora voluptatem neque sed.
item_975	Porro amet voluptatem modi.
item_976	Aliquam dolor aliquam ipsum non dolorem.
item_977	Modi eius non non.
item_978	Amet voluptatem voluptatem dolor consectetur.
item_979	Eius magnam quisquam quaerat numquam sit.
item_980	Est tempora neque tempora velit voluptatem.
item_981	Velit eius consectetur non.
item_982	Etincidunt non etincidunt sit etincidunt.
item_983	Sed sed sed est.
item_984	Sed sed ut neque etincidunt numquam.
item_985	Quiquia amet velit sit sit modi dolore dolorem.
item_986	Adipisci sed dolor magnam quiquia.
item_987	Tempora eius aliquam dolor sit porro aliquam.
item_988	Magnam consectetur sed quiquia.
item_989	Aliquam labore sit sed dolor ipsum neque quisquam.
item_990	Consectetur amet neque consectetur amet.
item_991	Amet amet neque dolore labore adipisci.
item_992	Adipisci porro numquam est neque neque velit.
item_993	Dolor velit amet aliquam velit quaerat.
item_994	Sed numquam ut magnam numquam voluptatem adipisci est.
item_995	Non modi dolore porro ut quaerat adipisci.
item_996	Voluptatem modi quiquia ipsum etincidunt dolor.
item_997	Non velit dolore adipisci dolore est.
item_998	Consectetur consectetur porro sed aliquam amet tempora.
item_999	Porro magnam magnam modi modi dolor.
item_1000	Consectetur labore porro dolor numquam adipisci ut modi.
