{"id": "item_1", "text": "Aliquam eius modi ut."}
{"id": "item_2", "text": "Numquam dolorem labore voluptatem dolore etincidunt neque."}
{"id": "item_3", "text": "Consectetur adipisci ipsum neque est."}
{"id": "item_4", "text": "Quaerat velit aliquam voluptatem etincidunt tempora."}
{"id": "item_5", "text": "Dolorem aliquam dolor ut sit porro."}
{"id": "item_6", "text": "Dolore dolorem velit sit consectetur etincidunt magnam."}
{"id": "item_7", "text": "Aliquam tempora labore porro quaerat consectetur."}
{"id": "item_8", "text": "Dolore modi sit modi dolor numquam eius numquam."}
{"id": "item_9", "text": "Est tempora dolor dolor."}
{"id": "item_10", "text": "Labore aliquam est est aliquam."}
{"id": "item_11", "text": "Ut ipsum adipisci magnam."}
{"id": "item_12", "text": "Eius labore velit dolore amet."}
{"id": "item_13", "text": "Dolore est magnam eius numquam numquam modi."}
{"id": "item_14", "text": "Etincidunt dolore dolorem quaerat numquam labore numquam est."}
{"id": "item_15", "text": "Sit amet sed quaerat eius ut dolorem labore."}
{"id": "item_16", "text": "Quiquia magnam aliquam velit sit quaerat neque."}
{"id": "item_17", "text": "Amet aliquam tempora modi tempora dolorem non."}
{"id": "item_18", "text": "Eius amet labore aliquam dolorem aliquam quiquia."}
{"id": "item_19", "text": "Est dolore consectetur magnam porro dolorem."}
{"id": "item_20", "text": "Dolorem quisquam sed dolore."}
{"id": "item_21", "text": "Quiquia modi tempora etincidunt numquam modi."}
{"id": "item_22", "text": "Quaerat non quiquia quiquia."}
{"id": "item_23", "text": "Quiquia eius adipisci eius amet etincidunt est."}
{"id": "item_24", "text": "Adipisci labore dolorem ut quisquam dolore."}
{"id": "item_25", "text": "Tempora sit amet dolorem tempora numquam dolorem."}
{"id": "item_26", "text": "Ipsum quisquam dolorem ut quisquam numquam."}
{"id": "item_27", "text": "Amet aliquam quiquia tempora quisquam sed magnam consectetur."}
{"id": "item_28", "text": "Dolore neque quaerat ut etincidunt."}
{"id": "item_29", "text": "Neque quaerat amet eius neque dolorem."}
{"id": "item_30", "text": "Labore quiquia sit dolorem dolorem."}
{"id": "item_31", "text": "Dolorem quiquia porro magnam quiquia tempora sit voluptatem."}
{"id": "item_32", "text": "Adipisci sed dolor eius."}
{"id": "item_33", "text": "Ut etincidunt tempora sit tempora eius dolor."}
{"id": "item_34", "text": "Quiquia numquam tempora sit ut adipisci."}
{"id": "item_35", "text": "Modi sed sit eius dolore quiquia."}
{"id": "item_36", "text": "Ut quisquam sit ipsum sed modi consectetur."}
{"id": "item_37", "text": "Sit aliquam ipsum ipsum."}
{"id": "item_38", "text": "Labore voluptatem aliquam ipsum sit etincidunt."}
{"id": "item_39", "text": "Dolore ipsum neque quisquam dolorem."}
{"id": "item_40", "text": "Dolore eius tempora sit consectetur."}
{"id": "item_41", "text": "Dolore non non est."}
{"id": "item_42", "text": "Dolore neque eius labore quiquia dolorem numquam voluptatem."}
{"id": "item_43", "text": "Est est eius labore numquam magnam quaerat."}
{"id": "item_44", "text": "Magnam est aliquam quisquam magnam."}
{"id": "item_45", "text": "Non non sed sed magnam velit eius labore."}
{"id": "item_46", "text": "Dolorem etincidunt magnam quiquia numquam."}
{"id": "item_47", "text": "Magnam labore sed dolore non non aliquam."}
{"id": "item_48", "text": "Eius tempora etincidunt velit velit amet sit quiquia."}
{"id": "item_49", "text": "Adipisci est adipisci sit."}
{"id": "item_50", "text": "Sed ipsum velit neque."}
{"id": "item_51", "text": "Numquam numquam non consectetur."}
{"id": "item_52", "text": "Modi consectetur porro est quiquia etincidunt sit."}
{"id": "item_53", "text": "Porro quiquia voluptatem etincidunt dolorem consectetur porro."}
{"id": "item_54", "text": "Eius adipisci non quisquam."}
{"id": "item_55", "text": "Consectetur adipisci est etincidunt modi neque est."}
{"id": "item_56", "text": "Sed est voluptatem est numquam."}
{"id": "item_57", "text": "Neque quaerat magnam amet etincidunt adipisci dolorem dolor."}
{"id": "item_58", "text": "Quaerat ipsum labore dolorem magnam sit dolor."}
{"id": "item_59", "text": "Ut quisquam labore eius."}
{"id": "item_60", "text": "Labore ut dolorem amet."}
{"id": "item_61", "text": "Amet quiquia neque non velit quiquia labore porro."}
{"id": "item_62", "text": "Voluptatem consectetur modi dolor quaerat quaerat voluptatem non."}
{"id": "item_63", "text": "Velit eius dolore sed."}
{"id": "item_64", "text": "Adipisci sit ut sit tempora quiquia."}
{"id": "item_65", "text": "Amet modi neque quisquam."}
{"id": "item_66", "text": "Labore modi dolor sit voluptatem consectetur modi modi."}
{"id": "item_67", "text": "Dolorem labore quiquia porro voluptatem amet."}
{"id": "item_68", "text": "Quisquam voluptatem dolor tempora."}
{"id": "item_69", "text": "Dolor ut velit adipisci magnam neque."}
{"id": "item_70", "text": "Quiquia non porro amet numquam dolore sed."}
{"id": "item_71", "text": "Modi aliquam numquam dolorem labore."}
{"id": "item_72", "text": "Aliquam ut voluptatem non non."}
{"id": "item_73", "text": "Quisquam magnam dolor sit quaerat quisquam non eius."}
{"id": "item_74", "text": "Consectetur dolor consectetur non numquam magnam voluptatem porro."}
{"id": "item_75", "text": "Numquam dolor ut adipisci eius quaerat modi."}
{"id": "item_76", "text": "Amet non ut ut."}
{"id": "item_77", "text": "Quisquam modi magnam non modi."}
{"id": "item_78", "text": "Ut aliquam etincidunt ut aliquam."}
{"id": "item_79", "text": "Numquam dolore non neque dolore voluptatem numquam porro."}
{"id": "item_80", "text": "Modi dolor sed quiquia."}
{"id": "item_81", "text": "Consectetur ut voluptatem modi neque quisquam amet."}
{"id": "item_82", "text": "Dolore neque labore dolor sed dolor quisquam dolorem."}
{"id": "item_83", "text": "Neque quisquam quisquam porro porro labore quisquam."}
{"id": "item_84", "text": "Etincidunt quiquia porro amet dolore."}
{"id": "item_85", "text": "Sit dolore amet amet."}
{"id": "item_86", "text": "Dolore etincidunt aliquam voluptatem sit sit eius labore."}
{"id": "item_87", "text": "Quiquia amet magnam ut non."}
{"id": "item_88", "text": "Labore adipisci numquam tempora neque quisquam sed."}
{"id": "item_89", "text": "Velit modi magnam consectetur."}
{"id": "item_90", "text": "Quiquia quaerat dolore modi porro dolor dolor."}
{"id": "item_91", "text": "Adipisci dolorem etincidunt neque dolor modi porro eius."}
{"id": "item_92", "text": "Neque sit numquam aliquam eius."}
{"id": "item_93", "text": "Tempora modi tempora tempora magnam."}
{"id": "item_94", "text": "Dolore modi adipisci sit adipisci ipsum tempora quiquia."}
{"id": "item_95", "text": "Non quiquia quisquam tempora voluptatem ut."}
{"id": "item_96", "text": "Dolor dolor etincidunt quisquam consectetur etincidunt est."}
{"id": "item_97", "text": "Magnam eius amet aliquam quaerat."}
{"id": "item_98", "text": "Dolore adipisci magnam porro non dolore."}
{"id": "item_99", "text": "Consectetur adipisci ut adipisci velit."}
{"id": "item_100", "text": "Quiquia quisquam velit ipsum eius."}
{"id": "item_101", "text": "Dolorem dolore dolore porro amet amet."}
{"id": "item_102", "text": "Magnam dolore etincidunt sit quaerat numquam dolore."}
{"id": "item_103", "text": "Sed eius consectetur magnam consectetur numquam voluptatem quiquia."}
{"id": "item_104", "text": "Tempora dolore ut ipsum dolorem aliquam non."}
{"id": "item_105", "text": "Labore amet sit dolorem numquam amet quisquam labore."}
{"id": "item_106", "text": "Neque quiquia numquam etincidunt."}
{"id": "item_107", "text": "Amet amet consectetur dolore ipsum dolorem."}
{"id": "item_108", "text": "Eius labore modi eius magnam magnam modi."}
{"id": "item_109", "text": "Ut non quiquia porro."}
{"id": "item_110", "text": "Consectetur porro quiquia dolore quisquam quaerat amet."}
{"id": "item_111", "text": "Ut est sit labore."}
{"id": "item_112", "text": "Velit aliquam modi ipsum."}
{"id": "item_113", "text": "Quaerat dolorem est consectetur neque amet."}
{"id": "item_114", "text": "Voluptatem dolorem sed consectetur dolore."}
{"id": "item_115", "text": "Etincidunt aliquam eius modi."}
{"id": "item_116", "text": "Modi quaerat numquam velit consectetur quaerat."}
{"id": "item_117", "text": "Ut est etincidunt amet."}
{"id": "item_118", "text": "Non velit voluptatem sed adipisci dolor modi aliquam."}
{"id": "item_119", "text": "Etincidunt quaerat ipsum ipsum consectetur."}
{"id": "item_120", "text": "Sed aliquam porro velit ut."}
{"id": "item_121", "text": "Non ipsum ipsum dolorem etincidunt sit dolor tempora."}
{"id": "item_122", "text": "Sed quiquia velit dolore numquam numquam voluptatem neque."}
{"id": "item_123", "text": "Velit adipisci consectetur non amet sed numquam."}
{"id": "item_124", "text": "Etincidunt quaerat etincidunt sit sed adipisci."}
{"id": "item_125", "text": "Est dolore adipisci velit dolorem dolorem magnam."}
{"id": "item_126", "text": "Sed magnam modi sed neque quaerat."}
{"id": "item_127", "text": "Labore adipisci quisquam dolor."}
{"id": "item_128", "text": "Dolor eius est labore etincidunt est neque dolore."}
{"id": "item_129", "text": "Velit sit sit non quaerat voluptatem."}
{"id": "item_130", "text": "Etincidunt ipsum tempora porro labore."}
{"id": "item_131", "text": "Magnam ut etincidunt voluptatem sed etincidunt dolor."}
{"id": "item_132", "text": "Etincidunt tempora dolorem etincidunt ipsum neque."}
{"id": "item_133", "text": "Consectetur magnam sit quisquam non etincidunt sed."}
{"id": "item_134", "text": "Est quisquam est magnam."}
{"id": "item_135", "text": "Dolor consectetur est porro dolorem."}
{"id": "item_136", "text": "Dolorem eius ut neque aliquam."}
{"id": "item_137", "text": "Quisquam ipsum adipisci voluptatem tempora."}
{"id": "item_138", "text": "Quaerat velit dolore neque velit."}
{"id": "item_139", "text": "Non labore neque dolorem dolorem dolore quiquia."}
{"id": "item_140", "text": "Non quiquia neque quisquam quisquam dolore."}
{"id": "item_141", "text": "Eius numquam ipsum velit dolorem."}
{"id": "item_142", "text": "Magnam sit non dolore modi quaerat dolore."}
{"id": "item_143", "text": "Velit neque aliquam magnam."}
{"id": "item_144", "text": "Etincidunt sed labore ipsum."}
{"id": "item_145", "text": "Ut ut sed dolor ipsum amet tempora quaerat."}
{"id": "item_146", "text": "Porro quisquam dolore adipisci labore est non."}
{"id": "item_147", "text": "Sed sit magnam numquam."}
{"id": "item_148", "text": "Ipsum eius aliquam etincidunt."}
{"id": "item_149", "text": "Quisquam modi est quaerat."}
{"id": "item_150", "text": "Quiquia porro quiquia quaerat."}
{"id": "item_151", "text": "Amet numquam voluptatem porro modi porro est."}
{"id": "item_152", "text": "Ipsum neque non ipsum sit voluptatem numquam."}
{"id": "item_153", "text": "Etincidunt magnam numquam numquam sed consectetur quiquia."}
{"id": "item_154", "text": "Aliquam aliquam quisquam numquam magnam ut est porro."}
{"id": "item_155", "text": "Dolore consectetur magnam sit consectetur aliquam."}
{"id": "item_156", "text": "Aliquam porro amet ipsum ut magnam."}
{"id": "item_157", "text": "Aliquam non quiquia aliquam."}
{"id": "item_158", "text": "Modi aliquam non porro amet ut ipsum."}
{"id": "item_159", "text": "Adipisci quiquia sit quisquam."}
{"id": "item_160", "text": "Consectetur magnam quiquia ipsum consectetur modi."}
{"id": "item_161", "text": "Tempora quaerat dolore labore etincidunt."}
{"id": "item_162", "text": "Eius dolor amet amet dolorem magnam quisquam."}
{"id": "item_163", "text": "Quaerat quisquam magnam quaerat ipsum porro."}
{"id": "item_164", "text": "Est numquam labore voluptatem magnam."}
{"id": "item_165", "text": "Ut dolor neque sit eius est etincidunt."}
{"id": "item_166", "text": "Modi amet magnam aliquam velit."}
{"id": "item_167", "text": "Velit labore neque est ipsum amet dolor ut."}
{"id": "item_168", "text": "Sed porro sit sit quaerat neque dolor."}
{"id": "item_169", "text": "Quaerat modi modi dolor sed est labore."}
{"id": "item_170", "text": "Dolorem tempora dolor neque sit aliquam."}
{"id": "item_171", "text": "Ipsum neque numquam neque consectetur quiquia."}
{"id": "item_172", "text": "Consectetur aliquam voluptatem porro amet ut numquam dolor."}
{"id": "item_173", "text": "Quiquia modi ipsum neque ut eius quaerat non."}
{"id": "item_174", "text": "Modi dolore eius est."}
{"id": "item_175", "text": "Aliquam est ipsum sed eius labore."}
{"id": "item_176", "text": "Numquam adipisci dolorem sed."}
{"id": "item_177", "text": "Labore consectetur eius ipsum ipsum est velit sed."}
{"id": "item_178", "text": "Modi dolorem quaerat modi."}
{"id": "item_179", "text": "Ut porro numquam quaerat eius numquam."}
{"id": "item_180", "text": "Amet ipsum dolor dolorem quiquia est."}
{"id": "item_181", "text": "Voluptatem sit quiquia labore magnam."}
{"id": "item_182", "text": "Est ipsum porro magnam non tempora magnam amet."}
{"id": "item_183", "text": "Adipisci magnam labore eius quaerat."}
{"id": "item_184", "text": "Dolore sit eius labore sed dolorem."}
{"id": "item_185", "text": "Amet dolor sit est."}
{"id": "item_186", "text": "Velit tempora aliquam non tempora neque."}
{"id": "item_187", "text": "Dolorem quisquam neque magnam ipsum quisquam neque."}
{"id": "item_188", "text": "Aliquam magnam modi est neque porro."}
{"id": "item_189", "text": "Porro aliquam dolorem voluptatem velit dolor magnam."}
{"id": "item_190", "text": "Consectetur modi consectetur est."}
{"id": "item_191", "text": "Tempora etincidunt magnam amet porro sed."}
{"id": "item_192", "text": "Labore modi velit etincidunt quisquam numquam velit neque."}
{"id": "item_193", "text": "Dolorem tempora numquam non quiquia dolore porro."}
{"id": "item_194", "text": "Dolore labore dolorem velit magnam dolore."}
{"id": "item_195", "text": "Adipisci dolor sit quaerat neque dolor est."}
{"id": "item_196", "text": "Tempora ipsum dolore velit voluptatem."}
{"id": "item_197", "text": "Ut sed quaerat quaerat sit sit."}
{"id": "item_198", "text": "Porro quiquia aliquam adipisci consectetur."}
{"id": "item_199", "text": "Dolorem dolore amet dolorem dolorem."}
{"id": "item_200", "text": "Velit aliquam velit adipisci modi ut modi labore."}
{"id": "item_201", "text": "Tempora etincidunt tempora sed dolorem quiquia ut amet."}
{"id": "item_202", "text": "Etincidunt aliquam etincidunt etincidunt labore dolore."}
{"id": "item_203", "text": "Numquam magnam modi sit magnam adipisci dolor quiquia."}
{"id": "item_204", "text": "Quisquam etincidunt quisquam etincidunt labore."}
{"id": "item_205", "text": "Ut labore sed adipisci sit neque."}
{"id": "item_206", "text": "Magnam consectetur etincidunt magnam voluptatem amet voluptatem neque."}
{"id": "item_207", "text": "Ipsum neque aliquam amet."}
{"id": "item_208", "text": "Eius magnam non aliquam."}
{"id": "item_209", "text": "Eius neque amet adipisci non magnam sit dolor."}
{"id": "item_210", "text": "Modi etincidunt aliquam neque voluptatem."}
{"id": "item_211", "text": "Quaerat etincidunt magnam sed."}
{"id": "item_212", "text": "Ut est velit ipsum aliquam."}
{"id": "item_213", "text": "Tempora sed quiquia modi labore."}
{"id": "item_214", "text": "Neque sed ut modi."}
{"id": "item_215", "text": "Ipsum quiquia numquam tempora porro."}
{"id": "item_216", "text": "Tempora tempora numquam non neque modi dolore est."}
{"id": "item_217", "text": "Numquam dolore porro est porro."}
{"id": "item_218", "text": "Porro sed quiquia tempora consectetur voluptatem non."}
{"id": "item_219", "text": "Non consectetur quiquia quaerat."}
{"id": "item_220", "text": "Velit etincidunt est labore ut est voluptatem."}
{"id": "item_221", "text": "Adipisci tempora tempora quiquia."}
{"id": "item_222", "text": "Voluptatem eius dolore consectetur."}
{"id": "item_223", "text": "Dolorem aliquam dolorem velit dolorem aliquam labore quiquia."}
{"id": "item_224", "text": "Sed magnam tempora neque eius eius ipsum dolore."}
{"id": "item_225", "text": "Tempora sit adipisci dolore."}
{"id": "item_226", "text": "Quaerat consectetur amet labore quiquia magnam dolor modi."}
{"id": "item_227", "text": "Eius non quiquia dolor labore consectetur non sed."}
{"id": "item_228", "text": "Dolorem dolor modi ut."}
{"id": "item_229", "text": "Adipisci dolore amet amet quisquam dolor sed."}
{"id": "item_230", "text": "Dolore dolor consectetur amet magnam dolor porro."}
{"id": "item_231", "text": "Sed ipsum aliquam numquam."}
{"id": "item_232", "text": "Aliquam sed magnam voluptatem voluptatem consectetur est dolore."}
{"id": "item_233", "text": "Ipsum quisquam non dolorem tempora etincidunt velit etincidunt."}
{"id": "item_234", "text": "Sit sed labore non dolorem quisquam quiquia consectetur."}
{"id": "item_235", "text": "Dolore modi quiquia ipsum sit."}
{"id": "item_236", "text": "Velit aliquam dolorem quaerat."}
{"id": "item_237", "text": "Ipsum quisquam amet non quisquam dolor."}
{"id": "item_238", "text": "Dolorem est adipisci neque quaerat."}
{"id": "item_239", "text": "Quisquam amet magnam ipsum."}
{"id": "item_240", "text": "Sit quiquia amet quiquia quiquia ut aliquam magnam."}
{"id": "item_241", "text": "Voluptatem aliquam porro velit modi."}
{"id": "item_242", "text": "Sit quisquam ut sed."}
{"id": "item_243", "text": "Neque ipsum eius dolore."}
{"id": "item_244", "text": "Labore aliquam velit neque amet ut."}
{"id": "item_245", "text": "Modi eius modi porro est ipsum modi."}
{"id": "item_246", "text": "Modi numquam voluptatem dolor numquam neque consectetur non."}
{"id": "item_247", "text": "Aliquam voluptatem sit sit dolor non modi velit."}
{"id": "item_248", "text": "Dolorem eius amet dolorem."}
{"id": "item_249", "text": "Modi est adipisci quaerat dolore."}
{"id": "item_250", "text": "Etincidunt etincidunt sit consectetur amet aliquam etincidunt amet."}
{"id": "item_251", "text": "Neque ipsum porro dolorem."}
{"id": "item_252", "text": "Adipisci modi modi voluptatem."}
{"id": "item_253", "text": "Quaerat labore aliquam adipisci labore velit adipisci tempora."}
{"id": "item_254", "text": "Sit neque tempora modi dolor dolore dolor eius."}
{"id": "item_255", "text": "Porro eius eius aliquam amet dolorem."}
{"id": "item_256", "text": "Modi ipsum dolorem dolor dolore magnam."}
{"id": "item_257", "text": "Aliquam dolore consectetur consectetur neque est est amet."}
{"id": "item_258", "text": "Amet labore voluptatem labore ipsum quisquam quisquam."}
{"id": "item_259", "text": "Aliquam amet adipisci aliquam ipsum dolorem magnam."}
{"id": "item_260", "text": "Quaerat eius ut velit dolorem ipsum quisquam."}
{"id": "item_261", "text": "Neque porro quiquia adipisci tempora."}
{"id": "item_262", "text": "Non etincidunt voluptatem quaerat sit dolore velit quaerat."}
{"id": "item_263", "text": "Etincidunt sit quaerat dolorem."}
{"id": "item_264", "text": "Voluptatem eius dolorem labore tempora dolore."}
{"id": "item_265", "text": "Ut tempora velit sed neque dolore."}
{"id": "item_266", "text": "Aliquam numquam quiquia neque quisquam quisquam."}
{"id": "item_267", "text": "Labore non numquam dolorem est dolorem modi."}
{"id": "item_268", "text": "Velit dolor amet etincidunt modi neque labore modi."}
{"id": "item_269", "text": "Porro est voluptatem consectetur dolor."}
{"id": "item_270", "text": "Dolorem quaerat neque est labore dolore eius dolore."}
{"id": "item_271", "text": "Magnam amet sit quiquia dolorem."}
{"id": "item_272", "text": "Dolore voluptatem velit velit."}
{"id": "item_273", "text": "Eius sit magnam dolor."}
{"id": "item_274", "text": "Ut eius dolorem ut dolor dolor."}
{"id": "item_275", "text": "Numquam magnam adipisci sit."}
{"id": "item_276", "text": "Labore ipsum etincidunt tempora."}
{"id": "item_277", "text": "Aliquam velit sit eius magnam quisquam modi ut."}
{"id": "item_278", "text": "Aliquam adipisci est modi non porro amet porro."}
{"id": "item_279", "text": "Tempora quiquia eius velit tempora."}
{"id": "item_280", "text": "Aliquam etincidunt sit adipisci modi velit modi etincidunt."}
{"id": "item_281", "text": "Non neque sed neque quiquia aliquam adipisci ut."}
{"id": "item_282", "text": "Sit ipsum aliquam dolor sit velit ut etincidunt."}
{"id": "item_283", "text": "Est sed porro ipsum modi dolor."}
{"id": "item_284", "text": "Sed numquam modi eius velit aliquam amet."}
{"id": "item_285", "text": "Numquam magnam quisquam numquam aliquam voluptatem."}
{"id": "item_286", "text": "Sit dolorem dolorem numquam."}
{"id": "item_287", "text": "Voluptatem labore aliquam velit consectetur."}
{"id": "item_288", "text": "Consectetur dolore ipsum quiquia numquam ipsum."}
{"id": "item_289", "text": "Est voluptatem ut adipisci labore."}
{"id": "item_290", "text": "Dolorem velit consectetur est."}
{"id": "item_291", "text": "Adipisci sed consectetur ipsum ipsum ut non adipisci."}
{"id": "item_292", "text": "Modi aliquam aliquam ut dolor sed."}
{"id": "item_293", "text": "Dolor neque adipisci sed dolore quaerat neque adipisci."}
{"id": "item_294", "text": "Adipisci consectetur aliquam quiquia labore."}
{"id": "item_295", "text": "Tempora neque est neque tempora."}
{"id": "item_296", "text": "Voluptatem voluptatem velit tempora."}
{"id": "item_297", "text": "Dolorem labore aliquam dolor quisquam sit dolore."}
{"id": "item_298", "text": "Magnam numquam numquam est ipsum non quisquam adipisci."}
{"id": "item_299", "text": "Etincidunt etincidunt amet amet."}
{"id": "item_300", "text": "Amet voluptatem eius consectetur labore modi."}
{"id": "item_301", "text": "Numquam ut est quaerat adipisci sit voluptatem amet."}
{"id": "item_302", "text": "Ipsum ipsum numquam adipisci."}
{"id": "item_303", "text": "Ipsum velit dolore numquam."}
{"id": "item_304", "text": "Velit eius numquam neque."}
{"id": "item_305", "text": "Adipisci sed eius etincidunt tempora modi quiquia."}
{"id": "item_306", "text": "Labore eius porro aliquam."}
{"id": "item_307", "text": "Dolor quiquia voluptatem non sed quisquam."}
{"id": "item_308", "text": "Dolorem velit velit sit dolore porro neque."}
{"id": "item_309", "text": "Dolore non est amet aliquam."}
{"id": "item_310", "text": "Velit porro dolorem quaerat consectetur sed porro."}
{"id": "item_311", "text": "Numquam numquam modi numquam velit quaerat."}
{"id": "item_312", "text": "Dolor est aliquam quiquia."}
{"id": "item_313", "text": "Magnam consectetur consectetur dolor dolorem aliquam dolor."}
{"id": "item_314", "text": "Quisquam aliquam est dolor neque adipisci eius ut."}
{"id": "item_315", "text": "Ipsum neque etincidunt numquam ipsum tempora."}
{"id": "item_316", "text": "Amet dolore tempora etincidunt sed eius."}
{"id": "item_317", "text": "Ut sed numquam numquam ipsum non non."}
{"id": "item_318", "text": "Numquam velit sit est adipisci neque."}
{"id": "item_319", "text": "Magnam aliquam dolor amet dolore amet amet."}
{"id": "item_320", "text": "Sit neque consectetur velit voluptatem porro."}
{"id": "item_321", "text": "Eius consectetur aliquam dolore velit quisquam labore eius."}
{"id": "item_322", "text": "Velit neque quaerat numquam est modi dolore."}
{"id": "item_323", "text": "Magnam neque tempora etincidunt sit numquam velit."}
{"id": "item_324", "text": "Velit velit sit aliquam."}
{"id": "item_325", "text": "Labore porro modi dolore."}
{"id": "item_326", "text": "Etincidunt ut quaerat eius est est."}
{"id": "item_327", "text": "Magnam eius eius numquam tempora."}
{"id": "item_328", "text": "Adipisci velit voluptatem neque aliquam porro dolor voluptatem."}
{"id": "item_329", "text": "Labore est sed velit."}
{"id": "item_330", "text": "Tempora tempora porro voluptatem porro."}
{"id": "item_331", "text": "Etincidunt sed dolore eius aliquam."}
{"id": "item_332", "text": "Adipisci labore dolor magnam."}
{"id": "item_333", "text": "Neque etincidunt aliquam quisquam labore quisquam amet."}
{"id": "item_334", "text": "Eius consectetur consectetur voluptatem non."}
{"id": "item_335", "text": "Non magnam dolor amet sit."}
{"id": "item_336", "text": "Ipsum consectetur aliquam quisquam eius quaerat eius tempora."}
{"id": "item_337", "text": "Non velit magnam sed eius neque."}
{"id": "item_338", "text": "Non ut labore voluptatem magnam adipisci voluptatem quiquia."}
{"id": "item_339", "text": "Quiquia dolore ut voluptatem labore voluptatem."}
{"id": "item_340", "text": "Non non est dolore quisquam ut dolorem voluptatem."}
{"id": "item_341", "text": "Sed etincidunt etincidunt voluptatem amet non etincidunt ut."}
{"id": "item_342", "text": "Amet labore adipisci dolore quiquia dolorem velit."}
{"id": "item_343", "text": "Magnam modi quiquia sit modi adipisci."}
{"id": "item_344", "text": "Magnam velit est dolor est tempora."}
{"id": "item_345", "text": "Magnam magnam quisquam aliquam."}
{"id": "item_346", "text": "Eius est consectetur velit amet amet."}
{"id": "item_347", "text": "Neque voluptatem magnam labore ut."}
{"id": "item_348", "text": "Dolore dolorem numquam tempora adipisci ipsum adipisci dolorem."}
{"id": "item_349", "text": "Sit velit ut voluptatem."}
{"id": "item_350", "text": "Labore adipisci non ut dolor."}
{"id": "item_351", "text": "Tempora dolorem quisquam sit."}
{"id": "item_352", "text": "Adipisci quiquia voluptatem voluptatem ut non."}
{"id": "item_353", "text": "Numquam quisquam ut neque velit."}
{"id": "item_354", "text": "Porro sit sit non quisquam voluptatem voluptatem neque."}
{"id": "item_355", "text": "Quaerat ipsum numquam voluptatem ipsum dolor adipisci."}
{"id": "item_356", "text": "Magnam quiquia consectetur neque quisquam sed ipsum."}
{"id": "item_357", "text": "Sed eius eius velit adipisci est tempora quaerat."}
{"id": "item_358", "text": "Neque dolorem velit ipsum eius sed quiquia."}
{"id": "item_359", "text": "Est ipsum sit numquam non non eius."}
{"id": "item_360", "text": "Porro amet modi ut quaerat adipisci voluptatem."}
{"id": "item_361", "text": "Velit tempora voluptatem numquam."}
{"id": "item_362", "text": "Quaerat eius labore tempora sed."}
{"id": "item_363", "text": "Labore quiquia adipisci ipsum ut non."}
{"id": "item_364", "text": "Etincidunt quiquia etincidunt consectetur dolore eius ipsum est."}
{"id": "item_365", "text": "Porro aliquam quisquam aliquam ut."}
{"id": "item_366", "text": "Magnam dolorem eius ipsum."}
{"id": "item_367", "text": "Ut eius adipisci velit voluptatem ipsum est."}
{"id": "item_368", "text": "Modi est tempora neque."}
{"id": "item_369", "text": "Dolorem dolor velit magnam adipisci."}
{"id": "item_370", "text": "Etincidunt dolore amet sed consectetur non adipisci quisquam."}
{"id": "item_371", "text": "Ut numquam labore eius quiquia dolor velit ut."}
{"id": "item_372", "text": "Numquam est numquam est eius."}
{"id": "item_373", "text": "Eius dolorem amet dolor ut voluptatem neque neque."}
{"id": "item_374", "text": "Quiquia etincidunt magnam dolore quisquam dolore."}
{"id": "item_375", "text": "Etincidunt porro adipisci tempora dolore amet adipisci."}
{"id": "item_376", "text": "Quiquia est voluptatem quiquia neque tempora."}
{"id": "item_377", "text": "Etincidunt quaerat quiquia est non dolore."}
{"id": "item_378", "text": "Sit non etincidunt ut porro quiquia amet."}
{"id": "item_379", "text": "Non dolor etincidunt est."}
{"id": "item_380", "text": "Velit non etincidunt consectetur."}
{"id": "item_381", "text": "Labore adipisci dolore etincidunt modi."}
{"id": "item_382", "text": "Dolor quaerat labore quaerat dolorem neque etincidunt."}
{"id": "item_383", "text": "Etincidunt ut numquam quaerat."}
{"id": "item_384", "text": "Ipsum etincidunt quaerat adipisci voluptatem magnam."}
{"id": "item_385", "text": "Consectetur etincidunt sit consectetur quiquia ipsum."}
{"id": "item_386", "text": "Voluptatem velit dolorem sed."}
{"id": "item_387", "text": "Dolore modi porro labore quisquam dolore."}
{"id": "item_388", "text": "Eius adipisci velit consectetur porro porro tempora quiquia."}
{"id": "item_389", "text": "Adipisci labore est amet sit sit tempora sed."}
{"id": "item_390", "text": "Porro non velit labore dolore quisquam numquam labore."}
{"id": "item_391", "text": "Non sed aliquam magnam eius tempora eius."}
{"id": "item_392", "text": "Labore quiquia sit aliquam."}
{"id": "item_393", "text": "Est adipisci magnam quisquam sit etincidunt quiquia sed."}
{"id": "item_394", "text": "Consectetur velit modi eius magnam non neque tempora."}
{"id": "item_395", "text": "Aliquam eius magnam eius amet eius porro."}
{"id": "item_396", "text": "Consectetur quisquam quisquam amet quaerat eius."}
{"id": "item_397", "text": "Tempora consectetur tempora voluptatem dolore magnam consectetur."}
{"id": "item_398", "text": "Adipisci quiquia labore dolorem tempora."}
{"id": "item_399", "text": "Dolore consectetur ut adipisci ipsum magnam modi etincidunt."}
{"id": "item_400", "text": "Sit eius modi dolore adipisci voluptatem amet sit."}
{"id": "item_401", "text": "Ipsum adipisci dolore quisquam."}
{"id": "item_402", "text": "Aliquam labore quaerat ipsum."}
{"id": "item_403", "text": "Dolor etincidunt modi eius sit tempora."}
{"id": "item_404", "text": "Ipsum non dolore eius modi sit adipisci quiquia."}
{"id": "item_405", "text": "Velit ipsum etincidunt quaerat dolore."}
{"id": "item_406", "text": "Dolore tempora neque est."}
{"id": "item_407", "text": "Quaerat consectetur sed amet quaerat quisquam ut neque."}
{"id": "item_408", "text": "Modi porro numquam ipsum ipsum neque."}
{"id": "item_409", "text": "Dolor ut quiquia neque adipisci est."}
{"id": "item_410", "text": "Ut consectetur est amet numquam modi porro."}
{"id": "item_411", "text": "Ut modi magnam sed magnam voluptatem sed sit."}
{"id": "item_412", "text": "Porro porro magnam sit aliquam adipisci consectetur velit."}
{"id": "item_413", "text": "Ut sed sed eius sed voluptatem."}
{"id": "item_414", "text": "Voluptatem non aliquam numquam consectetur numquam adipisci."}
{"id": "item_415", "text": "Quaerat eius numquam etincidunt tempora."}
{"id": "item_416", "text": "Velit neque modi est magnam etincidunt."}
{"id": "item_417", "text": "Non adipisci voluptatem modi."}
{"id": "item_418", "text": "Ipsum neque consectetur eius magnam voluptatem aliquam."}
{"id": "item_419", "text": "Magnam dolor eius eius non neque."}
{"id": "item_420", "text": "Sit etincidunt etincidunt quiquia labore eius eius."}
{"id": "item_421", "text": "Dolore quiquia magnam labore consectetur voluptatem dolore quiquia."}
{"id": "item_422", "text": "Adipisci modi ut etincidunt adipisci porro quiquia."}
{"id": "item_423", "text": "Eius consectetur velit dolor."}
{"id": "item_424", "text": "Numquam consectetur numquam quaerat quaerat."}
{"id": "item_425", "text": "Sed tempora numquam sed modi consectetur."}
{"id": "item_426", "text": "Velit ut consectetur ut dolore sit sit."}
{"id": "item_427", "text": "Quisquam eius sed dolor neque neque."}
{"id": "item_428", "text": "Dolore numquam dolorem amet dolorem quaerat."}
{"id": "item_429", "text": "Non sed sed quaerat modi quiquia."}
{"id": "item_430", "text": "Eius aliquam non consectetur quiquia."}
{"id": "item_431", "text": "Quaerat sit etincidunt voluptatem."}
{"id": "item_432", "text": "Consectetur porro non sed porro consectetur."}
{"id": "item_433", "text": "Eius ipsum est porro neque porro."}
{"id": "item_434", "text": "Porro non dolorem ipsum ut velit."}
{"id": "item_435", "text": "Amet porro ipsum ipsum labore est."}
{"id": "item_436", "text": "Sed sed aliquam porro adipisci modi."}
{"id": "item_437", "text": "Velit quisquam neque tempora labore."}
{"id": "item_438", "text": "Sit adipisci etincidunt consectetur magnam."}
{"id": "item_439", "text": "Sit tempora tempora velit."}
{"id": "item_440", "text": "Eius dolorem velit dolor."}
{"id": "item_441", "text": "Sit quaerat aliquam magnam quisquam quiquia."}
{"id": "item_442", "text": "Numquam porro ipsum dolor."}
{"id": "item_443", "text": "Eius voluptatem labore porro quisquam magnam modi."}
{"id": "item_444", "text": "Neque quisquam velit voluptatem dolorem quisquam consectetur amet."}
{"id": "item_445", "text": "Consectetur adipisci voluptatem consectetur aliquam est ut non."}
{"id": "item_446", "text": "Neque quaerat etincidunt labore etincidunt amet dolorem."}
{"id": "item_447", "text": "Voluptatem sed velit sed non velit porro magnam."}
{"id": "item_448", "text": "Labore numquam eius aliquam est."}
{"id": "item_449", "text": "Sed etincidunt modi numquam sit quaerat adipisci."}
{"id": "item_450", "text": "Neque non ut ut dolore."}
{"id": "item_451", "text": "Non etincidunt non amet etincidunt adipisci quiquia."}
{"id": "item_452", "text": "Porro dolorem quisquam non quiquia."}
{"id": "item_453", "text": "Voluptatem numquam voluptatem quiquia amet tempora ut."}
{"id": "item_454", "text": "Consectetur tempora aliquam velit dolore modi."}
{"id": "item_455", "text": "Adipisci neque labore quiquia non quisquam quisquam numquam."}
{"id": "item_456", "text": "Voluptatem quisquam ipsum ut dolor ipsum."}
{"id": "item_457", "text": "Sit quiquia ut quisquam ut."}
{"id": "item_458", "text": "Labore modi dolore magnam etincidunt aliquam."}
{"id": "item_459", "text": "Non aliquam consectetur quisquam est numquam."}
{"id": "item_460", "text": "Tempora voluptatem tempora consectetur."}
{"id": "item_461", "text": "Porro numquam etincidunt voluptatem."}
{"id": "item_462", "text": "Magnam tempora eius labore."}
{"id": "item_463", "text": "Numquam neque quisquam magnam."}
{"id": "item_464", "text": "Dolor dolore neque voluptatem dolorem voluptatem consectetur porro."}
{"id": "item_465", "text": "Non eius consectetur sit ut."}
{"id": "item_466", "text": "Numquam modi consectetur labore."}
{"id": "item_467", "text": "Neque consectetur ipsum porro."}
{"id": "item_468", "text": "Aliquam adipisci dolorem voluptatem quisquam sit dolor."}
{"id": "item_469", "text": "Ut velit quaerat consectetur sit labore."}
{"id": "item_470", "text": "Dolore eius etincidunt modi adipisci."}
{"id": "item_471", "text": "Adipisci dolor dolor quisquam non amet voluptatem."}
{"id": "item_472", "text": "Aliquam magnam dolorem quaerat dolore."}
{"id": "item_473", "text": "Aliquam dolore quiquia adipisci aliquam amet non quiquia."}
{"id": "item_474", "text": "Eius quisquam modi modi."}
{"id": "item_475", "text": "Quisquam quisquam adipisci sit sed dolore aliquam."}
{"id": "item_476", "text": "Sed ut quaerat quiquia voluptatem."}
{"id": "item_477", "text": "Ipsum adipisci dolore quisquam voluptatem numquam sed sit."}
{"id": "item_478", "text": "Est quisquam aliquam numquam voluptatem sit porro."}
{"id": "item_479", "text": "Aliquam ut aliquam ut neque."}
{"id": "item_480", "text": "Ut magnam non est adipisci."}
{"id": "item_481", "text": "Ut porro est neque tempora modi."}
{"id": "item_482", "text": "Quisquam dolor non aliquam tempora quiquia modi numquam."}
{"id": "item_483", "text": "Ut eius aliquam adipisci dolore labore."}
{"id": "item_484", "text": "Amet porro modi neque voluptatem neque quiquia aliquam."}
{"id": "item_485", "text": "Adipisci sed velit dolorem modi velit numquam."}
{"id": "item_486", "text": "Dolorem dolor est ut ut ut dolor."}
{"id": "item_487", "text": "Non numquam dolorem consectetur adipisci."}
{"id": "item_488", "text": "Eius dolorem non dolorem numquam sed quisquam."}
{"id": "item_489", "text": "Ut sed velit ut numquam etincidunt modi modi."}
{"id": "item_490", "text": "Voluptatem tempora est quisquam."}
{"id": "item_491", "text": "Dolor ipsum dolor neque dolor amet."}
{"id": "item_492", "text": "Consectetur sit sit tempora voluptatem."}
{"id": "item_493", "text": "Quiquia sit tempora quaerat aliquam."}
{"id": "item_494", "text": "Labore labore aliquam consectetur numquam."}
{"id": "item_495", "text": "Velit quisquam sit sit aliquam modi aliquam."}
{"id": "item_496", "text": "Velit est etincidunt adipisci adipisci dolore."}
{"id": "item_497", "text": "Porro ipsum ut voluptatem."}
{"id": "item_498", "text": "Consectetur dolor modi sed."}
{"id": "item_499", "text": "Dolor quisquam aliquam consectetur quaerat etincidunt."}
{"id": "item_500", "text": "Magnam neque quiquia non numquam est neque labore."}
{"id": "item_501", "text": "Est magnam numquam amet quaerat dolore."}
{"id": "item_502", "text": "Dolorem tempora labore sit."}
{"id": "item_503", "text": "Quaerat numquam velit sit."}
{"id": "item_504", "text": "Magnam eius amet amet quisquam."}
{"id": "item_505", "text": "Etincidunt modi sit neque ipsum sed labore."}
{"id": "item_506", "text": "Amet etincidunt quaerat sed non dolore."}
{"id": "item_507", "text": "Velit numquam adipisci dolor etincidunt dolorem."}
{"id": "item_508", "text": "Sed labore sit quiquia ipsum voluptatem quiquia."}
{"id": "item_509", "text": "Neque consectetur velit labore ut velit sed amet."}
{"id": "item_510", "text": "Numquam velit neque dolore porro adipisci voluptatem."}
{"id": "item_511", "text": "Tempora non quisquam amet eius non aliquam."}
{"id": "item_512", "text": "Magnam quisquam porro eius."}
{"id": "item_513", "text": "Est velit porro velit quisquam porro tempora."}
{"id": "item_514", "text": "Quisquam porro modi dolore labore est."}
{"id": "item_515", "text": "Dolorem aliquam dolore neque."}
{"id": "item_516", "text": "Quaerat ut neque sed magnam aliquam etincidunt quiquia."}
{"id": "item_517", "text": "Dolore sed sed neque magnam sit voluptatem dolor."}
{"id": "item_518", "text": "Dolore etincidunt dolore adipisci."}
{"id": "item_519", "text": "Modi labore quaerat numquam voluptatem non sed."}
{"id": "item_520", "text": "Sed quisquam labore sed."}
{"id": "item_521", "text": "Ipsum ipsum neque etincidunt neque."}
{"id": "item_522", "text": "Tempora tempora tempora adipisci dolore sit."}
{"id": "item_523", "text": "Eius amet consectetur quisquam non aliquam non."}
{"id": "item_524", "text": "Quaerat dolorem ipsum magnam aliquam magnam amet non."}
{"id": "item_525", "text": "Labore dolorem magnam dolor."}
{"id": "item_526", "text": "Quaerat dolor ipsum sed sit voluptatem porro."}
{"id": "item_527", "text": "Tempora ut labore tempora porro numquam adipisci non."}
{"id": "item_528", "text": "Consectetur numquam porro ipsum ipsum velit etincidunt."}
{"id": "item_529", "text": "Non eius dolorem quisquam amet sed."}
{"id": "item_530", "text": "Tempora sed quaerat quiquia."}
{"id": "item_531", "text": "Neque sit tempora magnam."}
{"id": "item_532", "text": "Consectetur amet aliquam ut numquam est."}
{"id": "item_533", "text": "Consectetur etincidunt quisquam dolor."}
{"id": "item_534", "text": "Eius dolor aliquam adipisci."}
{"id": "item_535", "text": "Velit modi sit quisquam."}
{"id": "item_536", "text": "Ut amet labore numquam adipisci."}
{"id": "item_537", "text": "Voluptatem adipisci sit sed ipsum numquam etincidunt."}
{"id": "item_538", "text": "Sed neque quisquam ipsum ipsum porro."}
{"id": "item_539", "text": "Labore sit dolorem ut porro."}
{"id": "item_540", "text": "Ut adipisci voluptatem tempora velit est amet."}
{"id": "item_541", "text": "Est modi quiquia quaerat sit quaerat."}
{"id": "item_542", "text": "Eius est quaerat dolorem voluptatem magnam sit labore."}
{"id": "item_543", "text": "Labore ipsum voluptatem est velit magnam ut."}
{"id": "item_544", "text": "Numquam modi dolore est."}
{"id": "item_545", "text": "Est dolor neque dolor voluptatem etincidunt."}
{"id": "item_546", "text": "Tempora neque voluptatem modi quiquia adipisci."}
{"id": "item_547", "text": "Non etincidunt adipisci voluptatem quisquam."}
{"id": "item_548", "text": "Est amet eius porro adipisci."}
{"id": "item_549", "text": "Etincidunt adipisci etincidunt dolor porro labore."}
{"id": "item_550", "text": "Magnam etincidunt porro dolorem velit ut numquam."}
{"id": "item_551", "text": "Est quiquia sit dolorem."}
{"id": "item_552", "text": "Quaerat aliquam neque labore modi est velit modi."}
{"id": "item_553", "text": "Dolore labore est voluptatem."}
{"id": "item_554", "text": "Quaerat quaerat voluptatem tempora adipisci."}
{"id": "item_555", "text": "Quiquia dolorem aliquam quisquam modi non."}
{"id": "item_556", "text": "Aliquam labore tempora adipisci non consectetur."}
{"id": "item_557", "text": "Aliquam etincidunt quaerat amet."}
{"id": "item_558", "text": "Porro non voluptatem eius."}
{"id": "item_559", "text": "Sed dolore dolor dolorem sit ut tempora."}
{"id": "item_560", "text": "Dolorem quiquia quaerat modi dolore tempora."}
{"id": "item_561", "text": "Aliquam sit etincidunt amet."}
{"id": "item_562", "text": "Dolore est dolor ipsum voluptatem adipisci tempora."}
{"id": "item_563", "text": "Velit quisquam tempora aliquam."}
{"id": "item_564", "text": "Neque dolor tempora numquam aliquam modi porro."}
{"id": "item_565", "text": "Sed velit magnam non voluptatem modi."}
{"id": "item_566", "text": "Ut consectetur voluptatem modi."}
{"id": "item_567", "text": "Ipsum magnam non sed porro."}
{"id": "item_568", "text": "Dolor ipsum amet adipisci numquam ut."}
{"id": "item_569", "text": "Amet aliquam neque magnam."}
{"id": "item_570", "text": "Eius velit consectetur ipsum quaerat etincidunt est."}
{"id": "item_571", "text": "Amet sit consectetur consectetur amet."}
{"id": "item_572", "text": "Velit magnam dolorem quiquia non dolor sed."}
{"id": "item_573", "text": "Consectetur eius ipsum sed aliquam porro."}
{"id": "item_574", "text": "Sit voluptatem etincidunt voluptatem adipisci."}
{"id": "item_575", "text": "Ut labore ipsum amet."}
{"id": "item_576", "text": "Quiquia non sit amet velit sit."}
{"id": "item_577", "text": "Porro dolorem adipisci labore adipisci."}
{"id": "item_578", "text": "Non aliquam ut dolore neque sit est dolore."}
{"id": "item_579", "text": "Dolore velit non sit adipisci."}
{"id": "item_580", "text": "Quiquia amet quiquia adipisci."}
{"id": "item_581", "text": "Est magnam eius ipsum."}
{"id": "item_582", "text": "Quiquia magnam adipisci voluptatem amet modi tempora porro."}
{"id": "item_583", "text": "Adipisci ut quaerat non dolorem magnam numquam amet."}
{"id": "item_584", "text": "Adipisci quiquia velit sit dolore adipisci."}
{"id": "item_585", "text": "Amet modi dolorem magnam quisquam modi."}
{"id": "item_586", "text": "Eius sit modi sed."}
{"id": "item_587", "text": "Numquam dolorem aliquam quaerat consectetur."}
{"id": "item_588", "text": "Quiquia modi quiquia non."}
{"id": "item_589", "text": "Quisquam porro magnam sed dolorem dolor velit."}
{"id": "item_590", "text": "Non ipsum porro eius dolorem."}
{"id": "item_591", "text": "Non quaerat quiquia neque non adipisci velit numquam."}
{"id": "item_592", "text": "Quisquam est quaerat eius."}
{"id": "item_593", "text": "Sit est quaerat sed."}
{"id": "item_594", "text": "Dolore sed aliquam ut modi."}
{"id": "item_595", "text": "Voluptatem sit est quisquam dolorem."}
{"id": "item_596", "text": "Numquam numquam non adipisci sit consectetur dolore."}
{"id": "item_597", "text": "Voluptatem velit consectetur etincidunt quisquam est."}
{"id": "item_598", "text": "Eius est non numquam."}
{"id": "item_599", "text": "Dolore quaerat dolor neque sit."}
{"id": "item_600", "text": "Est labore voluptatem quiquia magnam dolorem dolorem."}
{"id": "item_601", "text": "Sed quisquam aliquam quiquia."}
{"id": "item_602", "text": "Est adipisci magnam modi magnam."}
{"id": "item_603", "text": "Labore consectetur sit eius magnam adipisci."}
{"id": "item_604", "text": "Adipisci aliquam sit porro eius."}
{"id": "item_605", "text": "Aliquam quiquia eius quisquam sed."}
{"id": "item_606", "text": "Voluptatem est est labore."}
{"id": "item_607", "text": "Dolor dolore adipisci ut adipisci amet dolore."}
{"id": "item_608", "text": "Aliquam magnam quiquia labore tempora ipsum."}
{"id": "item_609", "text": "Dolor dolorem tempora consectetur eius quaerat dolorem."}
{"id": "item_610", "text": "Adipisci labore quaerat ipsum quisquam sed."}
{"id": "item_611", "text": "Aliquam adipisci amet ut quiquia amet."}
{"id": "item_612", "text": "Consectetur porro ut modi voluptatem quisquam est."}
{"id": "item_613", "text": "Porro quisquam eius dolore."}
{"id": "item_614", "text": "Sed sed neque etincidunt sit non dolorem quaerat."}
{"id": "item_615", "text": "Adipisci dolore dolor adipisci dolor modi dolorem consectetur."}
{"id": "item_616", "text": "Numquam labore dolore aliquam dolorem voluptatem quisquam."}
{"id": "item_617", "text": "Tempora porro est tempora dolore dolor."}
{"id": "item_618", "text": "Voluptatem velit dolorem velit voluptatem non velit numquam."}
{"id": "item_619", "text": "Ut quisquam dolorem adipisci numquam quaerat amet."}
{"id": "item_620", "text": "Neque magnam voluptatem modi aliquam est quisquam etincidunt."}
{"id": "item_621", "text": "Eius quiquia adipisci labore."}
{"id": "item_622", "text": "Numquam velit voluptatem dolor non etincidunt porro quaerat."}
{"id": "item_623", "text": "Aliquam magnam adipisci modi labore."}
{"id": "item_624", "text": "Amet ipsum adipisci etincidunt sed magnam neque aliquam."}
{"id": "item_625", "text": "Adipisci amet sit modi quisquam amet sit."}
{"id": "item_626", "text": "Dolore quiquia porro voluptatem."}
{"id": "item_627", "text": "Labore quaerat tempora dolorem tempora voluptatem sit porro."}
{"id": "item_628", "text": "Porro numquam amet quisquam quiquia ut."}
{"id": "item_629", "text": "Ut voluptatem amet eius ut est."}
{"id": "item_630", "text": "Aliquam sit quisquam etincidunt dolore etincidunt."}
{"id": "item_631", "text": "Modi dolore ut modi adipisci."}
{"id": "item_632", "text": "Ipsum ipsum etincidunt neque adipisci."}
{"id": "item_633", "text": "Tempora etincidunt adipisci dolorem velit dolor quiquia quaerat."}
{"id": "item_634", "text": "Velit dolor porro etincidunt numquam."}
{"id": "item_635", "text": "Velit dolorem voluptatem est."}
{"id": "item_636", "text": "Etincidunt etincidunt dolor quiquia modi dolorem dolorem quisquam."}
{"id": "item_637", "text": "Est consectetur quisquam ipsum dolore."}
{"id": "item_638", "text": "Consectetur ipsum ut numquam sed ut porro."}
{"id": "item_639", "text": "Ut modi dolorem aliquam velit velit."}
{"id": "item_640", "text": "Velit eius eius quisquam numquam modi magnam."}
{"id": "item_641", "text": "Quiquia non ipsum dolore."}
{"id": "item_642", "text": "Est sit sit ut."}
{"id": "item_643", "text": "Modi dolore amet neque est amet numquam."}
{"id": "item_644", "text": "Aliquam adipisci numquam dolore voluptatem voluptatem adipisci."}
{"id": "item_645", "text": "Quiquia sed porro non numquam quaerat numquam."}
{"id": "item_646", "text": "Adipisci magnam amet etincidunt."}
{"id": "item_647", "text": "Ut est non sit magnam etincidunt."}
{"id": "item_648", "text": "Ipsum etincidunt tempora dolore quiquia."}
{"id": "item_649", "text": "Ipsum adipisci velit numquam numquam sit est."}
{"id": "item_650", "text": "Tempora est quaerat est sit eius etincidunt etincidunt."}
{"id": "item_651", "text": "Numquam est aliquam magnam ut dolorem eius."}
{"id": "item_652", "text": "Velit tempora est etincidunt."}
{"id": "item_653", "text": "Quiquia porro quisquam porro neque quiquia etincidunt."}
{"id": "item_654", "text": "Eius quiquia labore sit consectetur modi ut."}
{"id": "item_655", "text": "Magnam adipisci dolore amet quiquia dolorem dolor."}
{"id": "item_656", "text": "Eius quaerat eius labore voluptatem quaerat aliquam."}
{"id": "item_657", "text": "Dolore eius numquam modi velit."}
{"id": "item_658", "text": "Aliquam sit amet ipsum ipsum modi."}
{"id": "item_659", "text": "Porro consectetur eius aliquam."}
{"id": "item_660", "text": "Numquam dolor etincidunt dolorem neque."}
{"id": "item_661", "text": "Ipsum est amet consectetur neque porro dolore."}
{"id": "item_662", "text": "Quiquia tempora dolorem dolor."}
{"id": "item_663", "text": "Aliquam voluptatem neque magnam neque tempora."}
{"id": "item_664", "text": "Non quisquam quaerat velit ut dolore numquam."}
{"id": "item_665", "text": "Aliquam amet eius dolore ut est."}
{"id": "item_666", "text": "Adipisci quaerat eius etincidunt aliquam."}
{"id": "item_667", "text": "Numquam quisquam sit etincidunt ut quaerat etincidunt quisquam."}
{"id": "item_668", "text": "Labore modi dolor quiquia."}
{"id": "item_669", "text": "Dolorem sit voluptatem neque sit."}
{"id": "item_670", "text": "Porro tempora adipisci magnam porro consectetur."}
{"id": "item_671", "text": "Numquam neque aliquam numquam."}
{"id": "item_672", "text": "Porro magnam quaerat tempora."}
{"id": "item_673", "text": "Adipisci amet dolorem quaerat dolorem tempora modi."}
{"id": "item_674", "text": "Quisquam tempora dolorem dolor amet quiquia adipisci quisquam."}
{"id": "item_675", "text": "Etincidunt dolorem non amet amet dolorem."}
{"id": "item_676", "text": "Quiquia eius modi adipisci est sit ut."}
{"id": "item_677", "text": "Neque modi voluptatem dolore."}
{"id": "item_678", "text": "Dolor amet quaerat numquam quisquam."}
{"id": "item_679", "text": "Sed porro consectetur velit."}
{"id": "item_680", "text": "Modi dolor dolorem quiquia dolor quisquam adipisci."}
{"id": "item_681", "text": "Modi labore consectetur voluptatem ut est."}
{"id": "item_682", "text": "Modi quiquia dolore ipsum voluptatem dolorem."}
{"id": "item_683", "text": "Labore adipisci non sed ut neque aliquam eius."}
{"id": "item_684", "text": "Eius sed labore eius magnam."}
{"id": "item_685", "text": "Amet dolorem tempora quiquia."}
{"id": "item_686", "text": "Sed voluptatem magnam magnam labore."}
{"id": "item_687", "text": "Porro adipisci tempora quisquam numquam magnam adipisci."}
{"id": "item_688", "text": "Amet quiquia modi etincidunt neque."}
{"id": "item_689", "text": "Dolor aliquam labore adipisci est neque tempora."}
{"id": "item_690", "text": "Porro dolorem voluptatem porro dolor."}
{"id": "item_691", "text": "Eius adipisci quaerat consectetur dolore eius eius eius."}
{"id": "item_692", "text": "Modi voluptatem est quaerat quisquam voluptatem velit etincidunt."}
{"id": "item_693", "text": "Est magnam aliquam modi voluptatem ipsum."}
{"id": "item_694", "text": "Sed magnam quiquia dolore."}
{"id": "item_695", "text": "Sed tempora neque eius modi labore porro."}
{"id": "item_696", "text": "Tempora dolore ut tempora."}
{"id": "item_697", "text": "Aliquam neque est sed velit voluptatem adipisci."}
{"id": "item_698", "text": "Quisquam neque sit ipsum est."}
{"id": "item_699", "text": "Dolor magnam quaerat amet ut est."}
{"id": "item_700", "text": "Neque est sit quaerat sed magnam."}
{"id": "item_701", "text": "Magnam aliquam adipisci voluptatem dolore amet ipsum."}
{"id": "item_702", "text": "Dolorem dolorem aliquam dolore numquam quaerat voluptatem sed."}
{"id": "item_703", "text": "Neque est quaerat eius aliquam eius est quaerat."}
{"id": "item_704", "text": "Dolore eius ipsum numquam."}
{"id": "item_705", "text": "Non etincidunt est dolor est."}
{"id": "item_706", "text": "Modi magnam dolore voluptatem dolore."}
{"id": "item_707", "text": "Dolore quaerat ipsum quisquam neque velit."}
{"id": "item_708", "text": "Magnam est voluptatem porro velit."}
{"id": "item_709", "text": "Quisquam quiquia voluptatem dolorem tempora porro consectetur."}
{"id": "item_710", "text": "Tempora tempora est eius magnam quaerat."}
{"id": "item_711", "text": "Quiquia tempora consectetur est quiquia dolore dolorem numquam."}
{"id": "item_712", "text": "Aliquam neque ipsum porro aliquam."}
{"id": "item_713", "text": "Quiquia adipisci adipisci numquam."}
{"id": "item_714", "text": "Etincidunt consectetur dolore tempora quisquam."}
{"id": "item_715", "text": "Est etincidunt tempora quaerat dolorem velit neque non."}
{"id": "item_716", "text": "Numquam etincidunt adipisci dolore dolore consectetur labore."}
{"id": "item_717", "text": "Non tempora tempora sed est."}
{"id": "item_718", "text": "Voluptatem tempora labore consectetur voluptatem consectetur."}
{"id": "item_719", "text": "Quisquam voluptatem aliquam quaerat modi adipisci."}
{"id": "item_720", "text": "Dolor neque dolorem eius sit etincidunt."}
{"id": "item_721", "text": "Modi labore aliquam adipisci modi est."}
{"id": "item_722", "text": "Neque ipsum amet tempora tempora ipsum."}
{"id": "item_723", "text": "Magnam amet sit aliquam dolor."}
{"id": "item_724", "text": "Sit ut voluptatem quaerat."}
{"id": "item_725", "text": "Dolorem sit dolorem sed."}
{"id": "item_726", "text": "Velit non modi magnam."}
{"id": "item_727", "text": "Dolor labore dolore dolore amet eius."}
{"id": "item_728", "text": "Tempora magnam ut voluptatem modi voluptatem."}
{"id": "item_729", "text": "Adipisci etincidunt porro dolorem eius non est sed."}
{"id": "item_730", "text": "Est magnam consectetur ipsum."}
{"id": "item_731", "text": "Ipsum modi consectetur ut adipisci porro."}
{"id": "item_732", "text": "Dolorem quiquia aliquam sed tempora neque sit etincidunt."}
{"id": "item_733", "text": "Dolore quiquia ut ipsum consectetur."}
{"id": "item_734", "text": "Dolorem neque porro magnam quiquia numquam dolorem amet."}
{"id": "item_735", "text": "Quiquia quisquam tempora tempora."}
{"id": "item_736", "text": "Consectetur voluptatem est amet voluptatem voluptatem voluptatem porro."}
{"id": "item_737", "text": "Quisquam dolor dolorem dolore velit dolor amet est."}
{"id": "item_738", "text": "Magnam porro numquam eius dolorem dolor tempora."}
{"id": "item_739", "text": "Velit numquam eius labore sit numquam consectetur dolor."}
{"id": "item_740", "text": "Ut neque magnam etincidunt quaerat adipisci labore."}
{"id": "item_741", "text": "Neque neque ut dolore neque."}
{"id": "item_742", "text": "Voluptatem ut numquam quaerat porro."}
{"id": "item_743", "text": "Neque velit adipisci amet est consectetur."}
{"id": "item_744", "text": "Dolorem ut est consectetur."}
{"id": "item_745", "text": "Neque ut etincidunt sed numquam."}
{"id": "item_746", "text": "Sit quaerat ut eius modi consectetur magnam."}
{"id": "item_747", "text": "Tempora adipisci etincidunt porro ipsum quaerat tempora."}
{"id": "item_748", "text": "Neque eius ipsum est dolorem numquam labore est."}
{"id": "item_749", "text": "Est adipisci dolor quiquia labore modi consectetur dolore."}
{"id": "item_750", "text": "Porro voluptatem est sit dolor."}
{"id": "item_751", "text": "Sed amet eius sed."}
{"id": "item_752", "text": "Numquam dolorem neque dolorem."}
{"id": "item_753", "text": "Porro aliquam sit ipsum eius etincidunt."}
{"id": "item_754", "text": "Ut non tempora ut."}
{"id": "item_755", "text": "Aliquam quaerat neque eius modi magnam quaerat."}
{"id": "item_756", "text": "Est dolor aliquam dolorem numquam."}
{"id": "item_757", "text": "Est etincidunt adipisci quiquia voluptatem."}
{"id": "item_758", "text": "Dolor quaerat modi ut velit magnam adipisci voluptatem."}
{"id": "item_759", "text": "Non tempora dolorem etincidunt est sed."}
{"id": "item_760", "text": "Numquam amet etincidunt eius etincidunt."}
{"id": "item_761", "text": "Ut modi dolorem magnam neque porro adipisci sed."}
{"id": "item_762", "text": "Numquam sed etincidunt aliquam sit."}
{"id": "item_763", "text": "Labore numquam tempora ipsum."}
{"id": "item_764", "text": "Eius aliquam dolorem sit numquam porro magnam quisquam."}
{"id": "item_765", "text": "Etincidunt etincidunt adipisci dolorem dolore."}
{"id": "item_766", "text": "Quisquam sed adipisci sed velit."}
{"id": "item_767", "text": "Dolore aliquam tempora ut sed ipsum tempora quiquia."}
{"id": "item_768", "text": "Modi sit velit etincidunt."}
{"id": "item_769", "text": "Porro tempora consectetur tempora ipsum."}
{"id": "item_770", "text": "Ipsum quiquia consectetur neque velit numquam ut quisquam."}
{"id": "item_771", "text": "Dolore dolorem sit labore voluptatem sit."}
{"id": "item_772", "text": "Quaerat voluptatem neque quisquam dolore non amet tempora."}
{"id": "item_773", "text": "Eius non sed etincidunt magnam."}
{"id": "item_774", "text": "Dolore dolor porro neque consectetur porro velit."}
{"id": "item_775", "text": "Numquam quisquam tempora adipisci."}
{"id": "item_776", "text": "Ipsum porro amet quaerat numquam dolore tempora."}
{"id": "item_777", "text": "Voluptatem amet consectetur labore."}
{"id": "item_778", "text": "Aliquam dolor voluptatem est ut."}
{"id": "item_779", "text": "Adipisci dolore consectetur dolor quiquia."}
{"id": "item_780", "text": "Dolore non etincidunt numquam ut tempora."}
{"id": "item_781", "text": "Sed dolorem quiquia sit dolore."}
{"id": "item_782", "text": "Sit ut dolor adipisci quisquam sed."}
{"id": "item_783", "text": "Non neque quiquia quisquam sit etincidunt non."}
{"id": "item_784", "text": "Aliquam sed tempora adipisci sed."}
{"id": "item_785", "text": "Adipisci non porro dolor eius voluptatem porro."}
{"id": "item_786", "text": "Dolorem consectetur magnam porro etincidunt."}
{"id": "item_787", "text": "Tempora eius sed porro sed neque."}
{"id": "item_788", "text": "Modi dolorem quaerat etincidunt ipsum modi tempora aliquam."}
{"id": "item_789", "text": "Dolorem adipisci aliquam neque eius adipisci labore."}
{"id": "item_790", "text": "Consectetur quisquam dolore dolor sed dolorem dolorem."}
{"id": "item_791", "text": "Sit amet etincidunt dolore ut quiquia aliquam."}
{"id": "item_792", "text": "Dolore dolore non numquam quisquam dolore sed."}
{"id": "item_793", "text": "Neque modi magnam adipisci etincidunt voluptatem ut tempora."}
{"id": "item_794", "text": "Numquam consectetur etincidunt dolorem."}
{"id": "item_795", "text": "Eius quiquia quiquia porro neque."}
{"id": "item_796", "text": "Aliquam numquam velit adipisci consectetur."}
{"id": "item_797", "text": "Quaerat consectetur sed ut quiquia quiquia."}
{"id": "item_798", "text": "Ipsum sit etincidunt dolorem etincidunt dolorem etincidunt."}
{"id": "item_799", "text": "Velit voluptatem dolore neque quisquam magnam quiquia."}
{"id": "item_800", "text": "Amet est amet quiquia neque non tempora."}
{"id": "item_801", "text": "Voluptatem consectetur modi quiquia velit modi."}
{"id": "item_802", "text": "Neque aliquam etincidunt aliquam sit."}
{"id": "item_803", "text": "Est quaerat dolore labore etincidunt eius voluptatem."}
{"id": "item_804", "text": "Ut dolorem est porro."}
{"id": "item_805", "text": "Quaerat etincidunt aliquam labore est velit quaerat."}
{"id": "item_806", "text": "Neque magnam adipisci adipisci labore dolore dolore."}
{"id": "item_807", "text": "Aliquam porro quiquia adipisci labore amet."}
{"id": "item_808", "text": "Quisquam dolore consectetur quisquam neque magnam aliquam."}
{"id": "item_809", "text": "Adipisci consectetur amet sed quiquia quisquam ipsum."}
{"id": "item_810", "text": "Velit sit adipisci ut quiquia voluptatem."}
{"id": "item_811", "text": "Dolorem adipisci dolor dolorem."}
{"id": "item_812", "text": "Voluptatem quiquia numquam dolor dolore magnam."}
{"id": "item_813", "text": "Tempora numquam dolore sed dolor."}
{"id": "item_814", "text": "Tempora modi numquam porro velit quisquam."}
{"id": "item_815", "text": "Velit quiquia voluptatem amet ipsum neque quisquam consectetur."}
{"id": "item_816", "text": "Aliquam eius eius quiquia porro voluptatem."}
{"id": "item_817", "text": "Est numquam magnam dolorem."}
{"id": "item_818", "text": "Ipsum neque quiquia etincidunt etincidunt dolore amet."}
{"id": "item_819", "text": "Numquam sed dolorem est adipisci non."}
{"id": "item_820", "text": "Dolor est modi non."}
{"id": "item_821", "text": "Quisquam amet sed non."}
{"id": "item_822", "text": "Etincidunt numquam tempora amet sit voluptatem dolorem quisquam."}
{"id": "item_823", "text": "Porro porro ipsum non numquam dolore."}
{"id": "item_824", "text": "Amet ut eius porro aliquam."}
{"id": "item_825", "text": "Numquam voluptatem voluptatem consectetur."}
{"id": "item_826", "text": "Quisquam quisquam neque dolore adipisci sed."}
{"id": "item_827", "text": "Aliquam adipisci quaerat ipsum."}
{"id": "item_828", "text": "Quaerat est modi dolorem ut."}
{"id": "item_829", "text": "Dolor sit dolor quiquia quaerat."}
{"id": "item_830", "text": "Modi numquam quaerat magnam."}
{"id": "item_831", "text": "Voluptatem amet dolor quisquam voluptatem etincidunt consectetur aliquam."}
{"id": "item_832", "text": "Modi amet ut dolorem tempora."}
{"id": "item_833", "text": "Modi labore quisquam velit dolore."}
{"id": "item_834", "text": "Numquam sit quaerat ut quisquam."}
{"id": "item_835", "text": "Tempora modi amet adipisci quiquia."}
{"id": "item_836", "text": "Eius ut ipsum etincidunt."}
{"id": "item_837", "text": "Magnam dolore modi quiquia aliquam tempora."}
{"id": "item_838", "text": "Consectetur voluptatem consectetur labore sed neque dolore."}
{"id": "item_839", "text": "Ipsum magnam labore est."}
{"id": "item_840", "text": "Ut consectetur dolorem sed labore."}
{"id": "item_841", "text": "Quiquia non amet ut aliquam est ipsum est."}
{"id": "item_842", "text": "Dolorem numquam dolorem etincidunt."}
{"id": "item_843", "text": "Porro magnam est etincidunt sit magnam quisquam dolorem."}
{"id": "item_844", "text": "Quiquia quiquia neque modi ipsum ut dolore."}
{"id": "item_845", "text": "Porro sit numquam amet ipsum amet non voluptatem."}
{"id": "item_846", "text": "Etincidunt etincidunt dolore dolorem."}
{"id": "item_847", "text": "Sit dolorem ut adipisci eius sed adipisci."}
{"id": "item_848", "text": "Quaerat dolor velit voluptatem numquam etincidunt est."}
{"id": "item_849", "text": "Magnam sed est quiquia."}
{"id": "item_850", "text": "Aliquam labore ipsum amet."}
{"id": "item_851", "text": "Est numquam neque dolore."}
{"id": "item_852", "text": "Ut amet quisquam ipsum non."}
{"id": "item_853", "text": "Consectetur aliquam voluptatem modi non ut."}
{"id": "item_854", "text": "Ut sed modi quaerat."}
{"id": "item_855", "text": "Dolor voluptatem dolore dolor."}
{"id": "item_856", "text": "Aliquam etincidunt est ipsum consectetur numquam sed ipsum."}
{"id": "item_857", "text": "Adipisci etincidunt adipisci velit ut etincidunt sit porro."}
{"id": "item_858", "text": "Quaerat quaerat ut numquam quisquam ipsum quaerat aliquam."}
{"id": "item_859", "text": "Adipisci eius sit est voluptatem amet."}
{"id": "item_860", "text": "Dolorem labore adipisci dolore neque."}
{"id": "item_861", "text": "Dolore dolor velit amet quisquam."}
{"id": "item_862", "text": "Etincidunt modi sed adipisci ipsum etincidunt ut adipisci."}
{"id": "item_863", "text": "Ipsum consectetur sit neque aliquam porro."}
{"id": "item_864", "text": "Ut modi tempora tempora voluptatem quiquia."}
{"id": "item_865", "text": "Sit dolor est quiquia aliquam modi."}
{"id": "item_866", "text": "Eius voluptatem magnam quisquam sed."}
{"id": "item_867", "text": "Voluptatem aliquam labore numquam dolore dolore aliquam quaerat."}
{"id": "item_868", "text": "Numquam voluptatem amet voluptatem adipisci tempora."}
{"id": "item_869", "text": "Quisquam sed neque quisquam voluptatem."}
{"id": "item_870", "text": "Dolor dolore aliquam ipsum quisquam neque ut consectetur."}
{"id": "item_871", "text": "Eius quiquia aliquam porro velit modi modi consectetur."}
{"id": "item_872", "text": "Eius tempora aliquam etincidunt."}
{"id": "item_873", "text": "Labore aliquam eius sit modi dolor."}
{"id": "item_874", "text": "Quaerat ut dolor eius dolor quiquia."}
{"id": "item_875", "text": "Eius ipsum est numquam dolore neque aliquam adipisci."}
{"id": "item_876", "text": "Amet sed amet magnam amet labore."}
{"id": "item_877", "text": "Est aliquam dolorem ipsum."}
{"id": "item_878", "text": "Sed ipsum quaerat quisquam voluptatem est."}
{"id": "item_879", "text": "Numquam quiquia neque etincidunt eius aliquam velit porro."}
{"id": "item_880", "text": "Tempora quisquam dolorem ipsum."}
{"id": "item_881", "text": "Non ut modi porro est neque consectetur."}
{"id": "item_882", "text": "Consectetur aliquam sed est."}
{"id": "item_883", "text": "Eius ipsum est ut."}
{"id": "item_884", "text": "Dolore etincidunt numquam numquam modi dolor."}
{"id": "item_885", "text": "Non sed dolorem non modi sed sit."}
{"id": "item_886", "text": "Consectetur quaerat porro modi labore non magnam modi."}
{"id": "item_887", "text": "Adipisci magnam neque quaerat aliquam quisquam dolore."}
{"id": "item_888", "text": "Dolorem est velit modi velit."}
{"id": "item_889", "text": "Magnam aliquam voluptatem quiquia numquam."}
{"id": "item_890", "text": "Ut non eius quisquam neque."}
{"id": "item_891", "text": "Neque adipisci porro est labore consectetur dolor."}
{"id": "item_892", "text": "Dolor sed ipsum voluptatem numquam numquam."}
{"id": "item_893", "text": "Quaerat numquam consectetur porro."}
{"id": "item_894", "text": "Sit consectetur eius voluptatem eius quisquam porro labore."}
{"id": "item_895", "text": "Labore aliquam aliquam ipsum quaerat magnam."}
{"id": "item_896", "text": "Ut est dolor dolor non est est labore."}
{"id": "item_897", "text": "Labore dolor eius sit consectetur quisquam quaerat."}
{"id": "item_898", "text": "Aliquam numquam velit dolor adipisci."}
{"id": "item_899", "text": "Adipisci sit numquam consectetur tempora."}
{"id": "item_900", "text": "Aliquam non ut numquam neque consectetur etincidunt."}
{"id": "item_901", "text": "Dolorem neque amet velit adipisci ipsum."}
{"id": "item_902", "text": "Porro dolor sed amet non quaerat sed."}
{"id": "item_903", "text": "Consectetur sit eius quaerat etincidunt."}
{"id": "item_904", "text": "Adipisci dolor numquam aliquam ipsum quisquam etincidunt."}
{"id": "item_905", "text": "Voluptatem est dolor quaerat non voluptatem dolorem."}
{"id": "item_906", "text": "Neque tempora dolorem dolore porro dolore sed dolore."}
{"id": "item_907", "text": "Ipsum eius dolorem ipsum dolore amet quisquam."}
{"id": "item_908", "text": "Ipsum porro ipsum ipsum amet."}
{"id": "item_909", "text": "Labore quiquia sed adipisci."}
{"id": "item_910", "text": "Quaerat aliquam est adipisci neque sit."}
{"id": "item_911", "text": "Consectetur consectetur numquam quiquia numquam non ipsum neque."}
{"id": "item_912", "text": "Est ut ut labore modi."}
{"id": "item_913", "text": "Porro labore magnam sed ipsum."}
{"id": "item_914", "text": "Etincidunt ipsum eius ipsum voluptatem quiquia sed tempora."}
{"id": "item_915", "text": "Amet dolore quaerat etincidunt tempora labore."}
{"id": "item_916", "text": "Modi porro consectetur est aliquam dolorem amet ipsum."}
{"id": "item_917", "text": "Labore magnam neque dolorem quisquam dolor dolorem."}
{"id": "item_918", "text": "Quisquam sed amet amet."}
{"id": "item_919", "text": "Dolore porro etincidunt voluptatem modi sed."}
{"id": "item_920", "text": "Est velit numquam ipsum sit est dolore."}
{"id": "item_921", "text": "Ipsum dolore quisquam est velit."}
{"id": "item_922", "text": "Aliquam eius sit quiquia consectetur amet ut labore."}
{"id": "item_923", "text": "Numquam neque ut non ut dolor eius sed."}
{"id": "item_924", "text": "Dolor est voluptatem etincidunt aliquam tempora ut."}
{"id": "item_925", "text": "Ut quaerat aliquam numquam magnam."}
{"id": "item_926", "text": "Adipisci est ipsum ut quaerat velit aliquam amet."}
{"id": "item_927", "text": "Sit labore dolor quiquia dolor dolor est."}
{"id": "item_928", "text": "Dolor amet porro dolor etincidunt etincidunt numquam."}
{"id": "item_929", "text": "Modi adipisci non dolorem quisquam."}
{"id": "item_930", "text": "Non consectetur consectetur neque dolor sed."}
{"id": "item_931", "text": "Dolore dolore adipisci neque modi amet voluptatem."}
{"id": "item_932", "text": "Consectetur dolor quaerat est labore."}
{"id": "item_933", "text": "Dolore aliquam labore quisquam sed."}
{"id": "item_934", "text": "Consectetur quaerat amet sed."}
{"id": "item_935", "text": "Numquam numquam quiquia ut dolore non consectetur."}
{"id": "item_936", "text": "Quaerat ut aliquam quiquia adipisci aliquam."}
{"id": "item_937", "text": "Quisquam porro tempora neque sit ipsum quisquam."}
{"id": "item_938", "text": "Aliquam dolore quaerat voluptatem ut numquam neque porro."}
{"id": "item_939", "text": "Tempora quiquia dolore magnam magnam consectetur neque eius."}
{"id": "item_940", "text": "Quiquia ut modi eius tempora magnam modi."}
{"id": "item_941", "text": "Tempora modi velit dolor adipisci neque."}
{"id": "item_942", "text": "Dolorem magnam dolorem non labore quiquia quiquia dolor."}
{"id": "item_943", "text": "Quisquam ipsum ut ipsum."}
{"id": "item_944", "text": "Quiquia quaerat sit quisquam quisquam."}
{"id": "item_945", "text": "Non ut porro eius velit amet sed."}
{"id": "item_946", "text": "Sed ut est tempora quaerat."}
{"id": "item_947", "text": "Quisquam porro sit ut dolore dolorem dolore."}
{"id": "item_948", "text": "Magnam dolor non velit quiquia quiquia."}
{"id": "item_949", "text": "Est magnam consectetur quiquia velit magnam magnam."}
{"id": "item_950", "text": "Sed quisquam adipisci quaerat non sit velit."}
{"id": "item_951", "text": "Tempora neque modi non."}
{"id": "item_952", "text": "Ut dolore etincidunt adipisci labore."}
{"id": "item_953", "text": "Sit ut ipsum tempora quiquia voluptatem non non."}
{"id": "item_954", "text": "Porro eius ut eius."}
{"id": "item_955", "text": "Ut non labore est velit neque labore consectetur."}
{"id": "item_956", "text": "Ipsum etincidunt ipsum sed."}
{"id": "item_957", "text": "Quaerat numquam consectetur velit."}
{"id": "item_958", "text": "Sit numquam labore tempora."}
{"id": "item_959", "text": "Velit adipisci ipsum etincidunt adipisci dolore."}
{"id": "item_960", "text": "Ut labore numquam dolore numquam adipisci tempora."}
{"id": "item_961", "text": "Non dolore quiquia porro ipsum."}
{"id": "item_962", "text": "Quiquia quisquam ipsum voluptatem voluptatem neque."}
{"id": "item_963", "text": "Etincidunt est quaerat neque amet eius."}
{"id": "item_964", "text": "Sed eius est labore etincidunt neque neque."}
{"id": "item_965", "text": "Sed quisquam adipisci voluptatem tempora dolor tempora."}
{"id": "item_966", "text": "Labore numquam porro ut ipsum eius."}
{"id": "item_967", "text": "Quiquia est eius ut est ut dolorem."}
{"id": "item_968", "text": "Labore labore ipsum ut sed."}
{"id": "item_969", "text": "Dolor dolor voluptatem quiquia dolorem modi aliquam."}
{"id": "item_970", "text": "Quaerat velit velit neque quaerat."}
{"id": "item_971", "text": "Ipsum neque ut magnam."}
{"id": "item_972", "text": "Ipsum quiquia ut neque."}
{"id": "item_973", "text": "Aliquam quisquam non quaerat dolor modi sit."}
{"id": "item_974", "text": "Numquam dolorem quaerat dolorem tempora voluptatem neque sed."}
{"id": "item_975", "text": "Porro amet voluptatem modi."}
{"id": "item_976", "text": "Aliquam dolor aliquam ipsum non dolorem."}
{"id": "item_977", "text": "Modi eius non non."}
{"id": "item_978", "text": "Amet voluptatem voluptatem dolor consectetur."}
{"id": "item_979", "text": "Eius magnam quisquam quaerat numquam sit."}
{"id": "item_980", "text": "Est tempora neque tempora velit voluptatem."}
{"id": "item_981", "text": "Velit eius consectetur non."}
{"id": "item_982", "text": "Etincidunt non etincidunt sit etincidunt."}
{"id": "item_983", "text": "Sed sed sed est."}
{"id": "item_984", "text": "Sed sed ut neque etincidunt numquam."}
{"id": "item_985", "text": "Quiquia amet velit sit sit modi dolore dolorem."}
{"id": "item_986", "text": "Adipisci sed dolor magnam quiquia."}
{"id": "item_987", "text": "Tempora eius aliquam dolor sit porro aliquam."}
{"id": "item_988", "text": "Magnam consectetur sed quiquia."}
{"id": "item_989", "text": "Aliquam labore sit sed dolor ipsum neque quisquam."}
{"id": "item_990", "text": "Consectetur amet neque consectetur amet."}
{"id": "item_991", "text": "Amet amet neque dolore labore adipisci."}
{"id": "item_992", "text": "Adipisci porro numquam est neque neque velit."}
{"id": "item_993", "text": "Dolor velit amet aliquam velit quaerat."}
{"id": "item_994", "text": "Sed numquam ut magnam numquam voluptatem adipisci est."}
{"id": "item_995", "text": "Non modi dolore porro ut quaerat adipisci."}
{"id": "item_996", "text": "Voluptatem modi quiquia ipsum etincidunt dolor."}
{"id": "item_997", "text": "Non velit dolore adipisci dolore est."}
{"id": "item_998", "text": "Consectetur consectetur porro sed aliquam amet tempora."}
{"id": "item_999", "text": "Porro magnam magnam modi modi dolor."}
{"id": "item_1000", "text": "Consectetur labore porro dolor numquam adipisci ut modi."}
