{"id":"1","text":"<video width=\"320\" height=\"240\" autoplay loop muted>  <source src=\"data\/files\/1.mp4\" type=\"video/mp4\" />  </video>","gifs":["GIF-ID-1", "GIF-ID-2", "GIF-ID-3"],"gifs_path":["1.mp4", "2.mp4", "3.mp4"]}
{"id":"2","text":"<video width=\"320\" height=\"240\" autoplay loop muted>  <source src=\"data\/files\/2.mp4\" type=\"video/mp4\" />  </video>","gifs":["GIF-ID-4", "GIF-ID-3", "GIF-ID-2"],"gifs_path":["4.mp4", "3.mp4", "2.mp4"]}
{"id":"3","text":"<video width=\"320\" height=\"240\" autoplay loop muted>  <source src=\"data\/files\/3.mp4\" type=\"video/mp4\" />  </video>","gifs":["GIF-ID-1", "GIF-ID-2", "[PlaceHolder DoNotSelect]"],"gifs_path":["1.mp4", "2.mp4", "[PlaceHolder DoNotSelect]"]}
